day,value
2017-06-01 00:00:00,23446.58
2017-06-01 01:00:00,23168.47
2017-06-01 02:00:00,23292.170000000002
2017-06-01 03:00:00,22692.38
2017-06-01 04:00:00,22410.0
2017-06-01 05:00:00,22427.75
2017-06-01 06:00:00,22465.39
2017-06-01 07:00:00,22304.870000000003
2017-06-01 08:00:00,22020.7
2017-06-01 09:00:00,21287.34
2017-06-01 10:00:00,21710.719999999998
2017-06-01 11:00:00,21633.61
2017-06-01 12:00:00,21571.829999999998
2017-06-01 13:00:00,21700.2
2017-06-01 14:00:00,21456.35
2017-06-01 15:00:00,21710.200000000004
2017-06-01 16:00:00,21529.11
2017-06-01 17:00:00,22387.43
2017-06-01 18:00:00,21750.89
2017-06-01 19:00:00,22637.61
2017-06-01 20:00:00,22269.550000000003
2017-06-01 21:00:00,22068.88
2017-06-01 22:00:00,22012.64
2017-06-01 23:00:00,21623.0
2017-06-02 00:00:00,21622.04
2017-06-02 01:00:00,21503.89
2017-06-02 02:00:00,20570.190000000002
2017-06-02 03:00:00,20343.38
2017-06-02 04:00:00,20077.91
2017-06-02 05:00:00,20679.38
2017-06-02 06:00:00,21020.43
2017-06-02 07:00:00,20381.73
2017-06-02 08:00:00,20472.199999999997
2017-06-02 09:00:00,20398.7
2017-06-02 10:00:00,20037.15
2017-06-02 11:00:00,19915.41
2017-06-02 12:00:00,20318.02
2017-06-02 13:00:00,20629.190000000002
2017-06-02 14:00:00,21778.940000000002
2017-06-02 15:00:00,22573.63
2017-06-02 16:00:00,24009.800000000003
2017-06-02 17:00:00,25281.219999999998
2017-06-02 18:00:00,25279.420000000002
2017-06-02 19:00:00,26263.239999999998
2017-06-02 20:00:00,25892.299999999996
2017-06-02 21:00:00,25937.91
2017-06-02 22:00:00,25281.58
2017-06-02 23:00:00,24693.46
2017-06-03 00:00:00,23681.300000000003
2017-06-03 01:00:00,23597.77
2017-06-03 02:00:00,23265.010000000002
2017-06-03 03:00:00,22583.59
2017-06-03 04:00:00,22077.32
2017-06-03 05:00:00,22225.82
2017-06-03 06:00:00,22041.34
2017-06-03 07:00:00,21802.82
2017-06-03 08:00:00,22078.059999999998
2017-06-03 09:00:00,22267.42
2017-06-03 10:00:00,21785.14
2017-06-03 11:00:00,21817.98
2017-06-03 12:00:00,22372.78
2017-06-03 13:00:00,22423.170000000002
2017-06-03 14:00:00,24161.84
2017-06-03 15:00:00,26120.93
2017-06-03 16:00:00,27952.440000000002
2017-06-03 17:00:00,29277.27
2017-06-03 18:00:00,30858.14
2017-06-03 19:00:00,31365.15
2017-06-03 20:00:00,30415.49
2017-06-03 21:00:00,29546.760000000002
2017-06-03 22:00:00,28596.090000000004
2017-06-03 23:00:00,27309.77
2017-06-04 00:00:00,26187.65
2017-06-04 01:00:00,25968.72
2017-06-04 02:00:00,25590.68
2017-06-04 03:00:00,24583.14
2017-06-04 04:00:00,24385.210000000003
2017-06-04 05:00:00,22430.260000000002
2017-06-04 06:00:00,23973.079999999998
2017-06-04 07:00:00,24664.91
2017-06-04 08:00:00,24449.7
2017-06-04 09:00:00,23878.13
2017-06-04 10:00:00,24462.52
2017-06-04 11:00:00,24606.55
2017-06-04 12:00:00,25592.670000000002
2017-06-04 13:00:00,26427.56
2017-06-04 14:00:00,28867.239999999998
2017-06-04 15:00:00,31222.43
2017-06-04 16:00:00,33567.560000000005
2017-06-04 17:00:00,35269.45
2017-06-04 18:00:00,36487.09
2017-06-04 19:00:00,35887.16
2017-06-04 20:00:00,35199.17
2017-06-04 21:00:00,35136.189999999995
2017-06-04 22:00:00,34349.38
2017-06-04 23:00:00,33551.42999999999
2017-06-05 00:00:00,32730.36
2017-06-05 01:00:00,32011.69
2017-06-05 02:00:00,31040.979999999996
2017-06-05 03:00:00,30344.85
2017-06-05 04:00:00,30310.12
2017-06-05 05:00:00,30447.71
2017-06-05 06:00:00,30276.84
2017-06-05 07:00:00,29985.84
2017-06-05 08:00:00,29363.02
2017-06-05 09:00:00,29251.010000000002
2017-06-05 10:00:00,29361.809999999998
2017-06-05 11:00:00,29627.94
2017-06-05 12:00:00,30662.38
2017-06-05 13:00:00,32384.530000000002
2017-06-05 14:00:00,34783.86
2017-06-05 15:00:00,36745.97
2017-06-05 16:00:00,37971.81
2017-06-05 17:00:00,38833.57000000001
2017-06-05 18:00:00,39559.22
2017-06-05 19:00:00,38643.67
2017-06-05 20:00:00,38304.75
2017-06-05 21:00:00,37962.45
2017-06-05 22:00:00,37096.729999999996
2017-06-05 23:00:00,36440.88
2017-06-06 00:00:00,35496.979999999996
2017-06-06 01:00:00,35865.799999999996
2017-06-06 02:00:00,34631.64
2017-06-06 03:00:00,33567.39
2017-06-06 04:00:00,32957.31
2017-06-06 05:00:00,34595.78
2017-06-06 06:00:00,33904.07
2017-06-06 07:00:00,32789.840000000004
2017-06-06 08:00:00,32408.93
2017-06-06 09:00:00,32553.18
2017-06-06 10:00:00,32473.12
2017-06-06 11:00:00,33359.659999999996
2017-06-06 12:00:00,34920.44
2017-06-06 13:00:00,36740.490000000005
2017-06-06 14:00:00,38901.17
2017-06-06 15:00:00,40635.21
2017-06-06 16:00:00,43017.1
2017-06-06 17:00:00,43599.2
2017-06-06 18:00:00,43899.1
2017-06-06 19:00:00,43666.00000000001
2017-06-06 20:00:00,43665.0
2017-06-06 21:00:00,45096.0
2017-06-06 22:00:00,47950.5
2017-06-06 23:00:00,45864.2
2017-06-07 00:00:00,43316.700000000004
2017-06-07 01:00:00,41467.600000000006
2017-06-07 02:00:00,41422.6
2017-06-07 03:00:00,41266.9
2017-06-07 04:00:00,40802.2
2017-06-07 05:00:00,40319.28999999999
2017-06-07 06:00:00,40229.43
2017-06-07 07:00:00,40866.8
2017-06-07 08:00:00,41648.2
2017-06-07 09:00:00,41827.899999999994
2017-06-07 10:00:00,42056.399999999994
2017-06-07 11:00:00,41377.799999999996
2017-06-07 12:00:00,41266.600000000006
2017-06-07 13:00:00,40894.16
2017-06-07 14:00:00,39969.3
2017-06-07 15:00:00,40060.72
2017-06-07 16:00:00,39628.72
2017-06-07 17:00:00,38795.81
2017-06-07 18:00:00,39471.42
2017-06-07 19:00:00,39323.5
2017-06-07 20:00:00,40667.96
2017-06-07 21:00:00,39585.44
2017-06-07 22:00:00,38432.72
2017-06-07 23:00:00,39025.869999999995
2017-06-08 00:00:00,37998.18
2017-06-08 01:00:00,38013.75
2017-06-08 02:00:00,37187.34
2017-06-08 03:00:00,36642.799999999996
2017-06-08 04:00:00,37768.17
2017-06-08 05:00:00,36162.32000000001
2017-06-08 06:00:00,37189.26
2017-06-08 07:00:00,36061.65
2017-06-08 08:00:00,36190.05
2017-06-08 09:00:00,35589.079999999994
2017-06-08 10:00:00,35546.1
2017-06-08 11:00:00,35763.229999999996
2017-06-08 12:00:00,34554.18
2017-06-08 13:00:00,35445.3
2017-06-08 14:00:00,36157.6
2017-06-08 15:00:00,36077.35
2017-06-08 16:00:00,36457.44
2017-06-08 17:00:00,37049.74
2017-06-08 18:00:00,37227.53999999999
2017-06-08 19:00:00,36618.09
2017-06-08 20:00:00,36196.85
2017-06-08 21:00:00,36003.409999999996
2017-06-08 22:00:00,35214.65
2017-06-08 23:00:00,33776.630000000005
2017-06-09 00:00:00,31928.69
2017-06-09 01:00:00,31022.760000000002
2017-06-09 02:00:00,30738.8
2017-06-09 03:00:00,29916.65
2017-06-09 04:00:00,29104.8
2017-06-09 05:00:00,28992.35
2017-06-09 06:00:00,27329.93
2017-06-09 07:00:00,27518.55
2017-06-09 08:00:00,26517.87
2017-06-09 09:00:00,26549.27
2017-06-09 10:00:00,25906.04
2017-06-09 11:00:00,25591.56
2017-06-09 12:00:00,26315.96
2017-06-09 13:00:00,25119.69
2017-06-09 14:00:00,24872.12
2017-06-09 15:00:00,24451.33
2017-06-09 16:00:00,24766.78
2017-06-09 17:00:00,25103.98
2017-06-09 18:00:00,26072.97
2017-06-09 19:00:00,25788.07
2017-06-09 20:00:00,25472.120000000003
2017-06-09 21:00:00,24477.629999999997
2017-06-09 22:00:00,24176.79
2017-06-09 23:00:00,23878.690000000002
2017-06-10 00:00:00,23822.38
2017-06-10 01:00:00,22989.72
2017-06-10 02:00:00,22746.92
2017-06-10 03:00:00,22503.49
2017-06-10 04:00:00,22092.82
2017-06-10 05:00:00,21658.1
2017-06-10 06:00:00,21131.94
2017-06-10 07:00:00,21163.800000000003
2017-06-10 08:00:00,20666.36
2017-06-10 09:00:00,20357.06
2017-06-10 10:00:00,20085.98
2017-06-10 11:00:00,20170.64
2017-06-10 12:00:00,20195.2
2017-06-10 13:00:00,20443.16
2017-06-10 14:00:00,20417.48
2017-06-10 15:00:00,20815.36
2017-06-10 16:00:00,21157.21
2017-06-10 17:00:00,21106.870000000003
2017-06-10 18:00:00,21146.239999999998
2017-06-10 19:00:00,21659.14
2017-06-10 20:00:00,21451.8
2017-06-10 21:00:00,21685.09
2017-06-10 22:00:00,21195.15
2017-06-10 23:00:00,21185.47
2017-06-11 00:00:00,20941.48
2017-06-11 01:00:00,20616.010000000002
2017-06-11 02:00:00,20260.56
2017-06-11 03:00:00,19543.870000000003
2017-06-11 04:00:00,19143.660000000003
2017-06-11 05:00:00,19462.260000000002
2017-06-11 06:00:00,18701.09
2017-06-11 07:00:00,18624.879999999997
2017-06-11 08:00:00,18236.989999999998
2017-06-11 09:00:00,17900.8
2017-06-11 10:00:00,17823.48
2017-06-11 11:00:00,17857.06
2017-06-11 12:00:00,18045.63
2017-06-11 13:00:00,18678.940000000002
2017-06-11 14:00:00,18214.079999999998
2017-06-11 15:00:00,17879.09
2017-06-11 16:00:00,17713.69
2017-06-11 17:00:00,17560.76
2017-06-11 18:00:00,17726.239999999998
2017-06-11 19:00:00,17935.93
2017-06-11 20:00:00,17473.989999999998
2017-06-11 21:00:00,17475.27
2017-06-11 22:00:00,17408.8
2017-06-11 23:00:00,17163.629999999997
2017-06-12 00:00:00,16922.010000000002
2017-06-12 01:00:00,16844.33
2017-06-12 02:00:00,16222.740000000002
2017-06-12 03:00:00,16315.119999999999
2017-06-12 04:00:00,15849.39
2017-06-12 05:00:00,15710.28
2017-06-12 06:00:00,15455.970000000001
2017-06-12 07:00:00,15458.419999999998
2017-06-12 08:00:00,15328.2
2017-06-12 09:00:00,15280.84
2017-06-12 10:00:00,15280.63
2017-06-12 11:00:00,15356.21
2017-06-12 12:00:00,15562.760000000002
2017-06-12 13:00:00,15709.939999999999
2017-06-12 14:00:00,16335.46
2017-06-12 15:00:00,16941.36
2017-06-12 16:00:00,17582.329999999998
2017-06-12 17:00:00,17803.37
2017-06-12 18:00:00,18002.16
2017-06-12 19:00:00,17968.13
2017-06-12 20:00:00,18025.489999999998
2017-06-12 21:00:00,18191.99
2017-06-12 22:00:00,18102.95
2017-06-12 23:00:00,18236.140000000003
2017-06-13 00:00:00,18101.1
2017-06-13 01:00:00,17660.69
2017-06-13 02:00:00,15808.3
2017-06-13 03:00:00,16753.92
2017-06-13 04:00:00,16792.190000000002
2017-06-13 05:00:00,16380.220000000001
2017-06-13 06:00:00,16916.95
2017-06-13 07:00:00,16357.48
2017-06-13 08:00:00,16366.050000000003
2017-06-13 09:00:00,16245.080000000002
2017-06-13 10:00:00,16397.85
2017-06-13 11:00:00,16001.27
2017-06-13 12:00:00,15269.64
2017-06-13 13:00:00,15542.45
2017-06-13 14:00:00,16533.42
2017-06-13 15:00:00,17401.84
2017-06-13 16:00:00,18845.14
2017-06-13 17:00:00,19049.08
2017-06-13 18:00:00,18978.91
2017-06-13 19:00:00,19262.11
2017-06-13 20:00:00,19202.640000000003
2017-06-13 21:00:00,18897.93
2017-06-13 22:00:00,18587.93
2017-06-13 23:00:00,18740.06
2017-06-14 00:00:00,18024.530000000002
2017-06-14 01:00:00,17683.96
2017-06-14 02:00:00,17670.0
2017-06-14 03:00:00,17219.23
2017-06-14 04:00:00,17400.17
2017-06-14 05:00:00,17142.260000000002
2017-06-14 06:00:00,16930.45
2017-06-14 07:00:00,16845.65
2017-06-14 08:00:00,17002.16
2017-06-14 09:00:00,17152.92
2017-06-14 10:00:00,17171.84
2017-06-14 11:00:00,17356.04
2017-06-14 12:00:00,18126.91
2017-06-14 13:00:00,19025.879999999997
2017-06-14 14:00:00,20732.46
2017-06-14 15:00:00,21668.79
2017-06-14 16:00:00,21018.64
2017-06-14 17:00:00,20754.489999999998
2017-06-14 18:00:00,21587.47
2017-06-14 19:00:00,22053.23
2017-06-14 20:00:00,21673.989999999998
2017-06-14 21:00:00,21882.879999999997
2017-06-14 22:00:00,21208.38
2017-06-14 23:00:00,20998.72
2017-06-15 00:00:00,20409.84
2017-06-15 01:00:00,19891.93
2017-06-15 02:00:00,19448.760000000002
2017-06-15 03:00:00,19343.050000000003
2017-06-15 04:00:00,19156.68
2017-06-15 05:00:00,18921.74
2017-06-15 06:00:00,18258.780000000002
2017-06-15 07:00:00,18524.02
2017-06-15 08:00:00,18258.590000000004
2017-06-15 09:00:00,18134.27
2017-06-15 10:00:00,18056.12
2017-06-15 11:00:00,18314.47
2017-06-15 12:00:00,18373.33
2017-06-15 13:00:00,18853.16
2017-06-15 14:00:00,19438.74
2017-06-15 15:00:00,19543.68
2017-06-15 16:00:00,19891.390000000003
2017-06-15 17:00:00,19796.24
2017-06-15 18:00:00,20392.920000000002
2017-06-15 19:00:00,20542.63
2017-06-15 20:00:00,20903.440000000002
2017-06-15 21:00:00,20442.05
2017-06-15 22:00:00,20443.460000000003
2017-06-15 23:00:00,20591.04
2017-06-16 00:00:00,20100.54
2017-06-16 01:00:00,20064.29
2017-06-16 02:00:00,19821.18
2017-06-16 03:00:00,19572.94
2017-06-16 04:00:00,19486.58
2017-06-16 05:00:00,19027.62
2017-06-16 06:00:00,19076.120000000003
2017-06-16 07:00:00,19108.31
2017-06-16 08:00:00,19226.36
2017-06-16 09:00:00,18203.64
2017-06-16 10:00:00,18450.46
2017-06-16 11:00:00,18784.02
2017-06-16 12:00:00,19567.120000000003
2017-06-16 13:00:00,20358.350000000002
2017-06-16 14:00:00,21131.989999999998
2017-06-16 15:00:00,21504.42
2017-06-16 16:00:00,22063.99
2017-06-16 17:00:00,22800.190000000002
2017-06-16 18:00:00,23142.61
2017-06-16 19:00:00,23129.33
2017-06-16 20:00:00,23417.37
2017-06-16 21:00:00,23542.35
2017-06-16 22:00:00,23333.670000000002
2017-06-16 23:00:00,23127.04
2017-06-17 00:00:00,22449.7
2017-06-17 01:00:00,22055.989999999998
2017-06-17 02:00:00,21950.07
2017-06-17 03:00:00,21570.56
2017-06-17 04:00:00,21427.3
2017-06-17 05:00:00,21337.32
2017-06-17 06:00:00,21195.05
2017-06-17 07:00:00,20729.37
2017-06-17 08:00:00,20881.49
2017-06-17 09:00:00,20408.760000000002
2017-06-17 10:00:00,20343.49
2017-06-17 11:00:00,21530.46
2017-06-17 12:00:00,22357.28
2017-06-17 13:00:00,23476.0
2017-06-17 14:00:00,24593.38
2017-06-17 15:00:00,25533.809999999998
2017-06-17 16:00:00,27200.2
2017-06-17 17:00:00,27867.01
2017-06-17 18:00:00,27405.52
2017-06-17 19:00:00,27404.41
2017-06-17 20:00:00,27404.91
2017-06-17 21:00:00,27804.04
2017-06-17 22:00:00,27626.6
2017-06-17 23:00:00,26706.85
2017-06-18 00:00:00,26242.98
2017-06-18 01:00:00,26076.52
2017-06-18 02:00:00,25727.739999999998
2017-06-18 03:00:00,25427.100000000002
2017-06-18 04:00:00,25027.79
2017-06-18 05:00:00,24910.98
2017-06-18 06:00:00,24840.309999999998
2017-06-18 07:00:00,24882.37
2017-06-18 08:00:00,24269.530000000002
2017-06-18 09:00:00,24019.2
2017-06-18 10:00:00,24919.83
2017-06-18 11:00:00,25878.94
2017-06-18 12:00:00,27183.350000000002
2017-06-18 13:00:00,27965.36
2017-06-18 14:00:00,29410.78
2017-06-18 15:00:00,30275.93
2017-06-18 16:00:00,30587.42
2017-06-18 17:00:00,30781.2
2017-06-18 18:00:00,31287.46
2017-06-18 19:00:00,30779.409999999996
2017-06-18 20:00:00,30953.640000000003
2017-06-18 21:00:00,30988.04
2017-06-18 22:00:00,30781.79
2017-06-18 23:00:00,30676.94
2017-06-19 00:00:00,30242.64
2017-06-19 01:00:00,29092.309999999998
2017-06-19 02:00:00,29311.53
2017-06-19 03:00:00,28516.71
2017-06-19 04:00:00,28417.39
2017-06-19 05:00:00,28449.489999999998
2017-06-19 06:00:00,28451.43
2017-06-19 07:00:00,29346.68
2017-06-19 08:00:00,29914.65
2017-06-19 09:00:00,30869.26
2017-06-19 10:00:00,29848.25
2017-06-19 11:00:00,30313.81
2017-06-19 12:00:00,30849.39
2017-06-19 13:00:00,31181.42
2017-06-19 14:00:00,31375.86
2017-06-19 15:00:00,32710.129999999997
2017-06-19 16:00:00,33134.79
2017-06-19 17:00:00,34608.96
2017-06-19 18:00:00,35839.200000000004
2017-06-19 19:00:00,37249.66
2017-06-19 20:00:00,36862.44
2017-06-19 21:00:00,36238.68
2017-06-19 22:00:00,35822.06999999999
2017-06-19 23:00:00,35267.549999999996
2017-06-20 00:00:00,34230.3
2017-06-20 01:00:00,33961.869999999995
2017-06-20 02:00:00,33379.54
2017-06-20 03:00:00,32713.170000000002
2017-06-20 04:00:00,32373.659999999996
2017-06-20 05:00:00,33156.92
2017-06-20 06:00:00,33401.95
2017-06-20 07:00:00,32656.84
2017-06-20 08:00:00,32001.64
2017-06-20 09:00:00,31574.660000000003
2017-06-20 10:00:00,32273.420000000002
2017-06-20 11:00:00,31859.68
2017-06-20 12:00:00,32326.34
2017-06-20 13:00:00,33084.91
2017-06-20 14:00:00,34806.159999999996
2017-06-20 15:00:00,36404.43
2017-06-20 16:00:00,37260.99
2017-06-20 17:00:00,35417.47
2017-06-20 18:00:00,34230.149999999994
2017-06-20 19:00:00,34000.39
2017-06-20 20:00:00,33455.53
2017-06-20 21:00:00,32500.010000000002
2017-06-20 22:00:00,32330.010000000002
2017-06-20 23:00:00,31837.84
2017-06-21 00:00:00,30781.13
2017-06-21 01:00:00,29883.87
2017-06-21 02:00:00,28341.85
2017-06-21 03:00:00,27563.5
2017-06-21 04:00:00,27722.72
2017-06-21 05:00:00,26856.36
2017-06-21 06:00:00,26263.760000000002
2017-06-21 07:00:00,25280.14
2017-06-21 08:00:00,25191.32
2017-06-21 09:00:00,24899.199999999997
2017-06-21 10:00:00,25651.370000000003
2017-06-21 11:00:00,26319.28
2017-06-21 12:00:00,26266.949999999997
2017-06-21 13:00:00,25652.36
2017-06-21 14:00:00,26223.68
2017-06-21 15:00:00,25986.100000000002
2017-06-21 16:00:00,25371.379999999997
2017-06-21 17:00:00,25876.22
2017-06-21 18:00:00,25696.09
2017-06-21 19:00:00,27200.81
2017-06-21 20:00:00,28893.03
2017-06-21 21:00:00,28383.53
2017-06-21 22:00:00,27246.43
2017-06-21 23:00:00,25907.39
2017-06-22 00:00:00,25593.5
2017-06-22 01:00:00,24696.510000000002
2017-06-22 02:00:00,23879.14
2017-06-22 03:00:00,23196.350000000002
2017-06-22 04:00:00,22746.6
2017-06-22 05:00:00,22573.13
2017-06-22 06:00:00,22078.64
2017-06-22 07:00:00,21596.39
2017-06-22 08:00:00,21685.09
2017-06-22 09:00:00,21816.68
2017-06-22 10:00:00,21885.73
2017-06-22 11:00:00,22816.96
2017-06-22 12:00:00,23380.18
2017-06-22 13:00:00,24092.030000000002
2017-06-22 14:00:00,24823.899999999998
2017-06-22 15:00:00,24912.12
2017-06-22 16:00:00,25651.72
2017-06-22 17:00:00,25591.44
2017-06-22 18:00:00,25998.309999999998
2017-06-22 19:00:00,26609.74
2017-06-22 20:00:00,26669.989999999998
2017-06-22 21:00:00,26335.4
2017-06-22 22:00:00,26028.760000000002
2017-06-22 23:00:00,25205.39
2017-06-23 00:00:00,24696.510000000002
2017-06-23 01:00:00,24179.260000000002
2017-06-23 02:00:00,24076.410000000003
2017-06-23 03:00:00,23295.02
2017-06-23 04:00:00,22965.99
2017-06-23 05:00:00,23004.31
2017-06-23 06:00:00,23004.53
2017-06-23 07:00:00,22841.570000000003
2017-06-23 08:00:00,22356.9
2017-06-23 09:00:00,23089.04
2017-06-23 10:00:00,23287.04
2017-06-23 11:00:00,23682.410000000003
2017-06-23 12:00:00,24840.31
2017-06-23 13:00:00,26644.88
2017-06-23 14:00:00,28683.18
2017-06-23 15:00:00,30482.7
2017-06-23 16:00:00,32365.739999999998
2017-06-23 17:00:00,33714.97
2017-06-23 18:00:00,34225.8
2017-06-23 19:00:00,33026.99
2017-06-23 20:00:00,32972.149999999994
2017-06-23 21:00:00,32329.25
2017-06-23 22:00:00,31430.38
2017-06-23 23:00:00,30519.010000000002
2017-06-24 00:00:00,30042.670000000002
2017-06-24 01:00:00,29698.16
2017-06-24 02:00:00,28893.42
2017-06-24 03:00:00,27626.969999999998
2017-06-24 04:00:00,27074.430000000004
2017-06-24 05:00:00,26164.18
2017-06-24 06:00:00,26639.35
2017-06-24 07:00:00,26197.65
2017-06-24 08:00:00,26468.800000000003
2017-06-24 09:00:00,26469.280000000002
2017-06-24 10:00:00,26549.41
2017-06-24 11:00:00,27772.43
2017-06-24 12:00:00,29768.72
2017-06-24 13:00:00,32661.030000000002
2017-06-24 14:00:00,34784.729999999996
2017-06-24 15:00:00,36359.44
2017-06-24 16:00:00,37767.94
2017-06-24 17:00:00,35861.59
2017-06-24 18:00:00,33925.68
2017-06-24 19:00:00,32764.510000000002
2017-06-24 20:00:00,36328.31
2017-06-24 21:00:00,37725.380000000005
2017-06-24 22:00:00,37867.69
2017-06-24 23:00:00,37826.740000000005
2017-06-25 00:00:00,36699.09
2017-06-25 01:00:00,35641.67
2017-06-25 02:00:00,34956.65
2017-06-25 03:00:00,34514.5
2017-06-25 04:00:00,33605.619999999995
2017-06-25 05:00:00,33647.52
2017-06-25 06:00:00,33585.36
2017-06-25 07:00:00,33209.14
2017-06-25 08:00:00,32801.759999999995
2017-06-25 09:00:00,33246.45
2017-06-25 10:00:00,33848.44
2017-06-25 11:00:00,35581.93
2017-06-25 12:00:00,37855.020000000004
2017-06-25 13:00:00,41339.2
2017-06-25 14:00:00,44021.5
2017-06-25 15:00:00,46107.1
2017-06-25 16:00:00,47268.40000000001
2017-06-25 17:00:00,48762.200000000004
2017-06-25 18:00:00,49356.399999999994
2017-06-25 19:00:00,49175.700000000004
2017-06-25 20:00:00,48507.3
2017-06-25 21:00:00,48251.399999999994
2017-06-25 22:00:00,47746.399999999994
2017-06-25 23:00:00,47218.2
2017-06-26 00:00:00,46010.100000000006
2017-06-26 01:00:00,45352.600000000006
2017-06-26 02:00:00,45401.3
2017-06-26 03:00:00,47220.3
2017-06-26 04:00:00,46523.9
2017-06-26 05:00:00,46597.4
2017-06-26 06:00:00,47368.8
2017-06-26 07:00:00,48405.1
2017-06-26 08:00:00,47695.0
2017-06-26 09:00:00,47593.899999999994
2017-06-26 10:00:00,48506.100000000006
2017-06-26 11:00:00,49303.600000000006
2017-06-26 12:00:00,51712.600000000006
2017-06-26 13:00:00,55582.2
2017-06-26 14:00:00,59523.799999999996
2017-06-26 15:00:00,61830.7
2017-06-26 16:00:00,62775.3
2017-06-26 17:00:00,64508.399999999994
2017-06-26 18:00:00,64055.8
2017-06-26 19:00:00,64217.5
2017-06-26 20:00:00,64250.9
2017-06-26 21:00:00,64834.09999999999
2017-06-26 22:00:00,63636.899999999994
2017-06-26 23:00:00,63476.2
2017-06-27 00:00:00,61958.2
2017-06-27 01:00:00,61054.5
2017-06-27 02:00:00,60097.4
2017-06-27 03:00:00,60713.600000000006
2017-06-27 04:00:00,62588.4
2017-06-27 05:00:00,63284.5
2017-06-27 06:00:00,64183.5
2017-06-27 07:00:00,63640.3
2017-06-27 08:00:00,63029.700000000004
2017-06-27 09:00:00,63412.700000000004
2017-06-27 10:00:00,65198.49999999999
2017-06-27 11:00:00,65553.7
2017-06-27 12:00:00,66654.29999999999
2017-06-27 13:00:00,68569.6
2017-06-27 14:00:00,70125.0
2017-06-27 15:00:00,71348.8
2017-06-27 16:00:00,74005.6
2017-06-27 17:00:00,75583.2
2017-06-27 18:00:00,74624.5
2017-06-27 19:00:00,76140.3
2017-06-27 20:00:00,75225.79999999999
2017-06-27 21:00:00,74477.9
2017-06-27 22:00:00,74186.6
2017-06-27 23:00:00,73796.7
2017-06-28 00:00:00,77954.79999999999
2017-06-28 01:00:00,75691.8
2017-06-28 02:00:00,74334.59999999999
2017-06-28 03:00:00,73712.4
2017-06-28 04:00:00,74353.2
2017-06-28 05:00:00,69394.79999999999
2017-06-28 06:00:00,68947.1
2017-06-28 07:00:00,64350.7
2017-06-28 08:00:00,65917.7
2017-06-28 09:00:00,65291.899999999994
2017-06-28 10:00:00,66318.7
2017-06-28 11:00:00,69189.0
2017-06-28 12:00:00,71738.0
2017-06-28 13:00:00,71668.3
2017-06-28 14:00:00,72132.0
2017-06-28 15:00:00,71740.2
2017-06-28 16:00:00,72130.0
2017-06-28 17:00:00,69922.5
2017-06-28 18:00:00,68132.8
2017-06-28 19:00:00,66320.59999999999
2017-06-28 20:00:00,63608.1
2017-06-28 21:00:00,60776.100000000006
2017-06-28 22:00:00,59281.7
2017-06-28 23:00:00,55577.0
2017-06-29 00:00:00,53079.2
2017-06-29 01:00:00,50942.399999999994
2017-06-29 02:00:00,50015.899999999994
2017-06-29 03:00:00,49669.9
2017-06-29 04:00:00,51902.600000000006
2017-06-29 05:00:00,52648.899999999994
2017-06-29 06:00:00,51229.9
2017-06-29 07:00:00,48668.3
2017-06-29 08:00:00,49186.0
2017-06-29 09:00:00,48539.799999999996
2017-06-29 10:00:00,44751.8
2017-06-29 11:00:00,45765.8
2017-06-29 12:00:00,47050.899999999994
2017-06-29 13:00:00,46804.399999999994
2017-06-29 14:00:00,47532.40000000001
2017-06-29 15:00:00,47069.399999999994
2017-06-29 16:00:00,45990.1
2017-06-29 17:00:00,47493.899999999994
2017-06-29 18:00:00,46330.0
2017-06-29 19:00:00,45414.899999999994
2017-06-29 20:00:00,44478.3
2017-06-29 21:00:00,43572.700000000004
2017-06-29 22:00:00,41944.7
2017-06-29 23:00:00,43157.4
2017-06-30 00:00:00,41917.4
2017-06-30 01:00:00,44120.3
2017-06-30 02:00:00,45451.5
2017-06-30 03:00:00,44853.4
2017-06-30 04:00:00,44732.2
2017-06-30 05:00:00,43807.5
2017-06-30 06:00:00,43037.3
2017-06-30 07:00:00,43601.3
2017-06-30 08:00:00,44181.7
2017-06-30 09:00:00,43760.3
2017-06-30 10:00:00,43362.6
2017-06-30 11:00:00,45813.4
2017-06-30 12:00:00,47501.899999999994
2017-06-30 13:00:00,49693.5
2017-06-30 14:00:00,50092.5
2017-06-30 15:00:00,48100.100000000006
2017-06-30 16:00:00,46673.0
2017-06-30 17:00:00,46155.0
2017-06-30 18:00:00,47318.8
2017-06-30 19:00:00,47845.90000000001
2017-06-30 20:00:00,47144.100000000006
2017-06-30 21:00:00,46010.100000000006
2017-06-30 22:00:00,45161.7
2017-06-30 23:00:00,44040.8
2017-07-01 00:00:00,43505.3
2017-07-01 01:00:00,42678.7
2017-07-01 02:00:00,42053.4
2017-07-01 03:00:00,42054.40000000001
2017-07-01 04:00:00,41963.9
2017-07-01 05:00:00,41855.399999999994
2017-07-01 06:00:00,41267.0
2017-07-01 07:00:00,40472.63
2017-07-01 08:00:00,40255.509999999995
2017-07-01 09:00:00,38732.02
2017-07-01 10:00:00,39693.049999999996
2017-07-01 11:00:00,39798.85
2017-07-01 12:00:00,41091.600000000006
2017-07-01 13:00:00,43713.4
2017-07-01 14:00:00,44423.8
2017-07-01 15:00:00,46214.200000000004
2017-07-01 16:00:00,46526.0
2017-07-01 17:00:00,47020.2
2017-07-01 18:00:00,47948.5
2017-07-01 19:00:00,47848.2
2017-07-01 20:00:00,46996.0
2017-07-01 21:00:00,47247.2
2017-07-01 22:00:00,46357.2
2017-07-01 23:00:00,45255.799999999996
2017-07-02 00:00:00,43867.700000000004
2017-07-02 01:00:00,42669.8
2017-07-02 02:00:00,41192.76
2017-07-02 03:00:00,40360.8
2017-07-02 04:00:00,39286.670000000006
2017-07-02 05:00:00,37684.34999999999
2017-07-02 06:00:00,37685.04
2017-07-02 07:00:00,36059.37
2017-07-02 08:00:00,35974.29
2017-07-02 09:00:00,35311.64
2017-07-02 10:00:00,37728.119999999995
2017-07-02 11:00:00,40780.899999999994
2017-07-02 12:00:00,41745.1
2017-07-02 13:00:00,43316.7
2017-07-02 14:00:00,45475.7
2017-07-02 15:00:00,46895.90000000001
2017-07-02 16:00:00,47947.90000000001
2017-07-02 17:00:00,48099.8
2017-07-02 18:00:00,48840.9
2017-07-02 19:00:00,49408.40000000001
2017-07-02 20:00:00,49123.6
2017-07-02 21:00:00,48659.8
2017-07-02 22:00:00,49071.59999999999
2017-07-02 23:00:00,48182.899999999994
2017-07-03 00:00:00,47118.8
2017-07-03 01:00:00,46945.600000000006
2017-07-03 02:00:00,46848.100000000006
2017-07-03 03:00:00,47321.2
2017-07-03 04:00:00,49670.100000000006
2017-07-03 05:00:00,50324.5
2017-07-03 06:00:00,49331.0
2017-07-03 07:00:00,48251.40000000001
2017-07-03 08:00:00,47168.299999999996
2017-07-03 09:00:00,47746.3
2017-07-03 10:00:00,46066.4
2017-07-03 11:00:00,47624.100000000006
2017-07-03 12:00:00,52171.8
2017-07-03 13:00:00,54156.7
2017-07-03 14:00:00,57195.4
2017-07-03 15:00:00,57935.0
2017-07-03 16:00:00,58228.8
2017-07-03 17:00:00,59853.7
2017-07-03 18:00:00,58830.9
2017-07-03 19:00:00,59671.0
2017-07-03 20:00:00,59976.00000000001
2017-07-03 21:00:00,60652.2
2017-07-03 22:00:00,61176.8
2017-07-03 23:00:00,60499.5
2017-07-04 00:00:00,59066.700000000004
2017-07-04 01:00:00,58287.7
2017-07-04 02:00:00,56813.5
2017-07-04 03:00:00,55143.7
2017-07-04 04:00:00,54269.4
2017-07-04 05:00:00,52741.299999999996
2017-07-04 06:00:00,51146.7
2017-07-04 07:00:00,49514.899999999994
2017-07-04 08:00:00,49411.899999999994
2017-07-04 09:00:00,49903.8
2017-07-04 10:00:00,52361.100000000006
2017-07-04 11:00:00,56127.4
2017-07-04 12:00:00,59854.6
2017-07-04 13:00:00,61649.9
2017-07-04 14:00:00,64964.49999999999
2017-07-04 15:00:00,67825.2
2017-07-04 16:00:00,70126.2
2017-07-04 17:00:00,73175.4
2017-07-04 18:00:00,73856.59999999999
2017-07-04 19:00:00,72595.1
2017-07-04 20:00:00,71914.2
2017-07-04 21:00:00,71207.0
2017-07-04 22:00:00,70787.8
2017-07-04 23:00:00,69746.5
2017-07-05 00:00:00,67217.1
2017-07-05 01:00:00,65366.700000000004
2017-07-05 02:00:00,62433.4
2017-07-05 03:00:00,60403.8
2017-07-05 04:00:00,59065.8
2017-07-05 05:00:00,58347.9
2017-07-05 06:00:00,56643.9
2017-07-05 07:00:00,54552.0
2017-07-05 08:00:00,52889.0
2017-07-05 09:00:00,50271.5
2017-07-05 10:00:00,51120.7
2017-07-05 11:00:00,52359.3
2017-07-05 12:00:00,53569.2
2017-07-05 13:00:00,54325.899999999994
2017-07-05 14:00:00,54918.1
2017-07-05 15:00:00,54973.899999999994
2017-07-05 16:00:00,55312.3
2017-07-05 17:00:00,54578.1
2017-07-05 18:00:00,54465.0
2017-07-05 19:00:00,55742.700000000004
2017-07-05 20:00:00,56583.8
2017-07-05 21:00:00,54463.8
2017-07-05 22:00:00,51853.700000000004
2017-07-05 23:00:00,50851.90000000001
2017-07-06 00:00:00,48514.3
2017-07-06 01:00:00,47846.8
2017-07-06 02:00:00,46995.3
2017-07-06 03:00:00,46401.5
2017-07-06 04:00:00,44151.7
2017-07-06 05:00:00,46476.100000000006
2017-07-06 06:00:00,47218.299999999996
2017-07-06 07:00:00,47244.2
2017-07-06 08:00:00,47875.600000000006
2017-07-06 09:00:00,49356.399999999994
2017-07-06 10:00:00,47796.3
2017-07-06 11:00:00,48150.7
2017-07-06 12:00:00,51177.399999999994
2017-07-06 13:00:00,54054.8
2017-07-06 14:00:00,59352.49999999999
2017-07-06 15:00:00,63676.5
2017-07-06 16:00:00,67350.9
2017-07-06 17:00:00,68065.5
2017-07-06 18:00:00,67417.7
2017-07-06 19:00:00,66785.2
2017-07-06 20:00:00,64833.4
2017-07-06 21:00:00,63445.6
2017-07-06 22:00:00,62146.1
2017-07-06 23:00:00,60558.1
2017-07-07 00:00:00,58764.4
2017-07-07 01:00:00,57753.5
2017-07-07 02:00:00,57104.0
2017-07-07 03:00:00,57197.799999999996
2017-07-07 04:00:00,58175.0
2017-07-07 05:00:00,57851.9
2017-07-07 06:00:00,56812.600000000006
2017-07-07 07:00:00,56828.200000000004
2017-07-07 08:00:00,59584.899999999994
2017-07-07 09:00:00,63018.4
2017-07-07 10:00:00,71566.9
2017-07-07 11:00:00,76783.2
2017-07-07 12:00:00,78413.0
2017-07-07 13:00:00,73136.40000000001
2017-07-07 14:00:00,73277.70000000001
2017-07-07 15:00:00,73424.3
2017-07-07 16:00:00,74735.0
2017-07-07 17:00:00,76589.4
2017-07-07 18:00:00,76889.2
2017-07-07 19:00:00,75807.59999999999
2017-07-07 20:00:00,73783.09999999999
2017-07-07 21:00:00,71742.2
2017-07-07 22:00:00,69533.29999999999
2017-07-07 23:00:00,67197.7
2017-07-08 00:00:00,64802.49999999999
2017-07-08 01:00:00,62588.899999999994
2017-07-08 02:00:00,59856.6
2017-07-08 03:00:00,57255.0
2017-07-08 04:00:00,54551.899999999994
2017-07-08 05:00:00,52771.3
2017-07-08 06:00:00,50693.399999999994
2017-07-08 07:00:00,47258.700000000004
2017-07-08 08:00:00,45281.3
2017-07-08 09:00:00,48305.00000000001
2017-07-08 10:00:00,49282.8
2017-07-08 11:00:00,51846.7
2017-07-08 12:00:00,55212.399999999994
2017-07-08 13:00:00,59568.9
2017-07-08 14:00:00,63194.5
2017-07-08 15:00:00,66017.8
2017-07-08 16:00:00,68481.1
2017-07-08 17:00:00,71067.0
2017-07-08 18:00:00,71529.4
2017-07-08 19:00:00,71347.6
2017-07-08 20:00:00,70928.0
2017-07-08 21:00:00,69879.2
2017-07-08 22:00:00,70055.2
2017-07-08 23:00:00,69396.79999999999
2017-07-09 00:00:00,66920.3
2017-07-09 01:00:00,64282.2
2017-07-09 02:00:00,62727.1
2017-07-09 03:00:00,61364.0
2017-07-09 04:00:00,60498.0
2017-07-09 05:00:00,59432.1
2017-07-09 06:00:00,57199.3
2017-07-09 07:00:00,56232.2
2017-07-09 08:00:00,56668.2
2017-07-09 09:00:00,56465.99999999999
2017-07-09 10:00:00,59193.1
2017-07-09 11:00:00,64290.5
2017-07-09 12:00:00,70309.8
2017-07-09 13:00:00,72954.6
2017-07-09 14:00:00,74113.8
2017-07-09 15:00:00,76962.9
2017-07-09 16:00:00,79482.0
2017-07-09 17:00:00,80258.0
2017-07-09 18:00:00,81670.8
2017-07-09 19:00:00,80177.8
2017-07-09 20:00:00,79789.9
2017-07-09 21:00:00,79027.5
2017-07-09 22:00:00,77040.3
2017-07-09 23:00:00,77016.7
2017-07-10 00:00:00,75433.4
2017-07-10 01:00:00,73390.0
2017-07-10 02:00:00,70478.59999999999
2017-07-10 03:00:00,67418.8
2017-07-10 04:00:00,65609.79999999999
2017-07-10 05:00:00,61148.8
2017-07-10 06:00:00,58470.4
2017-07-10 07:00:00,56264.2
2017-07-10 08:00:00,56637.100000000006
2017-07-10 09:00:00,56844.7
2017-07-10 10:00:00,58920.899999999994
2017-07-10 11:00:00,63071.700000000004
2017-07-10 12:00:00,67361.5
2017-07-10 13:00:00,72968.4
2017-07-10 14:00:00,78420.29999999999
2017-07-10 15:00:00,82072.1
2017-07-10 16:00:00,83794.4
2017-07-10 17:00:00,84978.9
2017-07-10 18:00:00,87199.20000000001
2017-07-10 19:00:00,87538.8
2017-07-10 20:00:00,92740.9
2017-07-10 21:00:00,94464.0
2017-07-10 22:00:00,90510.1
2017-07-10 23:00:00,88805.9
2017-07-11 00:00:00,91353.1
2017-07-11 01:00:00,90424.3
2017-07-11 02:00:00,90512.1
2017-07-11 03:00:00,86161.8
2017-07-11 04:00:00,83442.8
2017-07-11 05:00:00,79679.4
2017-07-11 06:00:00,74732.2
2017-07-11 07:00:00,72381.7
2017-07-11 08:00:00,67865.3
2017-07-11 09:00:00,66982.4
2017-07-11 10:00:00,68774.9
2017-07-11 11:00:00,70787.29999999999
2017-07-11 12:00:00,72359.4
2017-07-11 13:00:00,75398.0
2017-07-11 14:00:00,79451.1
2017-07-11 15:00:00,82687.8
2017-07-11 16:00:00,86866.3
2017-07-11 17:00:00,85996.3
2017-07-11 18:00:00,84968.3
2017-07-11 19:00:00,83952.9
2017-07-11 20:00:00,85952.9
2017-07-11 21:00:00,84729.5
2017-07-11 22:00:00,78642.0
2017-07-11 23:00:00,76163.29999999999
2017-07-12 00:00:00,72521.3
2017-07-12 01:00:00,70832.6
2017-07-12 02:00:00,70123.9
2017-07-12 03:00:00,72273.40000000001
2017-07-12 04:00:00,71224.3
2017-07-12 05:00:00,66695.2
2017-07-12 06:00:00,62117.9
2017-07-12 07:00:00,59040.5
2017-07-12 08:00:00,59490.2
2017-07-12 09:00:00,58736.40000000001
2017-07-12 10:00:00,61558.5
2017-07-12 11:00:00,63510.5
2017-07-12 12:00:00,67270.6
2017-07-12 13:00:00,74942.0
2017-07-12 14:00:00,79403.1
2017-07-12 15:00:00,81553.2
2017-07-12 16:00:00,84737.6
2017-07-12 17:00:00,86703.0
2017-07-12 18:00:00,87297.09999999999
2017-07-12 19:00:00,86084.79999999999
2017-07-12 20:00:00,84764.0
2017-07-12 21:00:00,82864.2
2017-07-12 22:00:00,80536.5
2017-07-12 23:00:00,79290.1
2017-07-13 00:00:00,75325.79999999999
2017-07-13 01:00:00,72353.29999999999
2017-07-13 02:00:00,68927.5
2017-07-13 03:00:00,65367.299999999996
2017-07-13 04:00:00,61615.700000000004
2017-07-13 05:00:00,59488.899999999994
2017-07-13 06:00:00,57281.100000000006
2017-07-13 07:00:00,56318.399999999994
2017-07-13 08:00:00,54860.9
2017-07-13 09:00:00,55770.3
2017-07-13 10:00:00,58289.0
2017-07-13 11:00:00,61525.3
2017-07-13 12:00:00,63769.7
2017-07-13 13:00:00,66124.6
2017-07-13 14:00:00,70617.0
2017-07-13 15:00:00,74002.09999999999
2017-07-13 16:00:00,77913.6
2017-07-13 17:00:00,79601.3
2017-07-13 18:00:00,81512.29999999999
2017-07-13 19:00:00,81515.2
2017-07-13 20:00:00,79369.6
2017-07-13 21:00:00,76512.9
2017-07-13 22:00:00,74293.6
2017-07-13 23:00:00,74045.3
2017-07-14 00:00:00,73421.2
2017-07-14 01:00:00,70796.09999999999
2017-07-14 02:00:00,68027.8
2017-07-14 03:00:00,65820.1
2017-07-14 04:00:00,63101.5
2017-07-14 05:00:00,60595.6
2017-07-14 06:00:00,58772.8
2017-07-14 07:00:00,57459.3
2017-07-14 08:00:00,56727.09999999999
2017-07-14 09:00:00,56551.5
2017-07-14 10:00:00,56930.600000000006
2017-07-14 11:00:00,61716.0
2017-07-14 12:00:00,65861.9
2017-07-14 13:00:00,68470.1
2017-07-14 14:00:00,70156.7
2017-07-14 15:00:00,73650.5
2017-07-14 16:00:00,75324.9
2017-07-14 17:00:00,75879.0
2017-07-14 18:00:00,77264.9
2017-07-14 19:00:00,76288.9
2017-07-14 20:00:00,76065.9
2017-07-14 21:00:00,75251.20000000001
2017-07-14 22:00:00,73899.0
2017-07-14 23:00:00,72848.1
2017-07-15 00:00:00,69846.1
2017-07-15 01:00:00,66317.8
2017-07-15 02:00:00,64026.4
2017-07-15 03:00:00,60345.399999999994
2017-07-15 04:00:00,58262.5
2017-07-15 05:00:00,54634.3
2017-07-15 06:00:00,53045.8
2017-07-15 07:00:00,51332.2
2017-07-15 08:00:00,50113.00000000001
2017-07-15 09:00:00,51608.100000000006
2017-07-15 10:00:00,53986.799999999996
2017-07-15 11:00:00,55632.3
2017-07-15 12:00:00,60728.3
2017-07-15 13:00:00,64820.399999999994
2017-07-15 14:00:00,69263.29999999999
2017-07-15 15:00:00,73032.6
2017-07-15 16:00:00,75214.2
2017-07-15 17:00:00,76706.6
2017-07-15 18:00:00,77307.1
2017-07-15 19:00:00,76439.40000000001
2017-07-15 20:00:00,74991.7
2017-07-15 21:00:00,74772.0
2017-07-15 22:00:00,74698.3
2017-07-15 23:00:00,74705.2
2017-07-16 00:00:00,71362.29999999999
2017-07-16 01:00:00,68039.6
2017-07-16 02:00:00,64354.0
2017-07-16 03:00:00,62082.299999999996
2017-07-16 04:00:00,60901.8
2017-07-16 05:00:00,61933.5
2017-07-16 06:00:00,62779.2
2017-07-16 07:00:00,63894.2
2017-07-16 08:00:00,63323.6
2017-07-16 09:00:00,63318.8
2017-07-16 10:00:00,65161.899999999994
2017-07-16 11:00:00,68951.5
2017-07-16 12:00:00,71673.70000000001
2017-07-16 13:00:00,75484.1
2017-07-16 14:00:00,79140.5
2017-07-16 15:00:00,88096.79999999999
2017-07-16 16:00:00,93039.5
2017-07-16 17:00:00,94373.6
2017-07-16 18:00:00,93439.7
2017-07-16 19:00:00,90857.8
2017-07-16 20:00:00,90254.9
2017-07-16 21:00:00,88001.2
2017-07-16 22:00:00,86082.1
2017-07-16 23:00:00,85134.9
2017-07-17 00:00:00,78911.59999999999
2017-07-17 01:00:00,73856.6
2017-07-17 02:00:00,73175.40000000001
2017-07-17 03:00:00,71456.3
2017-07-17 04:00:00,66298.59999999999
2017-07-17 05:00:00,62458.7
2017-07-17 06:00:00,63349.2
2017-07-17 07:00:00,60139.90000000001
2017-07-17 08:00:00,58617.1
2017-07-17 09:00:00,60454.0
2017-07-17 10:00:00,64378.2
2017-07-17 11:00:00,64964.7
2017-07-17 12:00:00,66415.2
2017-07-17 13:00:00,67224.9
2017-07-17 14:00:00,69681.59999999999
2017-07-17 15:00:00,73713.2
2017-07-17 16:00:00,76064.40000000001
2017-07-17 17:00:00,76334.29999999999
2017-07-17 18:00:00,76667.5
2017-07-17 19:00:00,75401.40000000001
2017-07-17 20:00:00,74623.8
2017-07-17 21:00:00,72569.7
2017-07-17 22:00:00,72612.79999999999
2017-07-17 23:00:00,80196.79999999999
2017-07-18 00:00:00,81672.9
2017-07-18 01:00:00,85366.2
2017-07-18 02:00:00,92299.0
2017-07-18 03:00:00,96265.0
2017-07-18 04:00:00,97543.0
2017-07-18 05:00:00,94832.2
2017-07-18 06:00:00,91729.40000000001
2017-07-18 07:00:00,85855.1
2017-07-18 08:00:00,82347.0
2017-07-18 09:00:00,83715.7
2017-07-18 10:00:00,83108.5
2017-07-18 11:00:00,82108.5
2017-07-18 12:00:00,81753.3
2017-07-18 13:00:00,83955.40000000001
2017-07-18 14:00:00,85050.0
2017-07-18 15:00:00,86947.90000000001
2017-07-18 16:00:00,87617.8
2017-07-18 17:00:00,89097.8
2017-07-18 18:00:00,87631.2
2017-07-18 19:00:00,84277.6
2017-07-18 20:00:00,84685.2
2017-07-18 21:00:00,81442.5
2017-07-18 22:00:00,78411.3
2017-07-18 23:00:00,75663.5
2017-07-19 00:00:00,72350.5
2017-07-19 01:00:00,68470.1
2017-07-19 02:00:00,64619.2
2017-07-19 03:00:00,62210.8
2017-07-19 04:00:00,62144.9
2017-07-19 05:00:00,60928.5
2017-07-19 06:00:00,59249.399999999994
2017-07-19 07:00:00,59429.600000000006
2017-07-19 08:00:00,59125.799999999996
2017-07-19 09:00:00,57960.200000000004
2017-07-19 10:00:00,58467.0
2017-07-19 11:00:00,60073.5
2017-07-19 12:00:00,63130.0
2017-07-19 13:00:00,65003.200000000004
2017-07-19 14:00:00,65224.7
2017-07-19 15:00:00,65462.5
2017-07-19 16:00:00,64767.8
2017-07-19 17:00:00,65291.2
2017-07-19 18:00:00,64804.9
2017-07-19 19:00:00,63733.9
2017-07-19 20:00:00,63004.600000000006
2017-07-19 21:00:00,60717.7
2017-07-19 22:00:00,56134.3
2017-07-19 23:00:00,53044.4
2017-07-20 00:00:00,50989.3
2017-07-20 01:00:00,47319.799999999996
2017-07-20 02:00:00,45790.5
2017-07-20 03:00:00,45161.7
2017-07-20 04:00:00,43338.2
2017-07-20 05:00:00,41918.0
2017-07-20 06:00:00,40627.03
2017-07-20 07:00:00,38204.08
2017-07-20 08:00:00,36983.64
2017-07-20 09:00:00,36926.259999999995
2017-07-20 10:00:00,39088.18
2017-07-20 11:00:00,42446.2
2017-07-20 12:00:00,45043.100000000006
2017-07-20 13:00:00,48058.3
2017-07-20 14:00:00,51714.0
2017-07-20 15:00:00,53514.100000000006
2017-07-20 16:00:00,54972.899999999994
2017-07-20 17:00:00,55256.1
2017-07-20 18:00:00,56060.1
2017-07-20 19:00:00,56175.399999999994
2017-07-20 20:00:00,55144.4
2017-07-20 21:00:00,53265.1
2017-07-20 22:00:00,55869.1
2017-07-20 23:00:00,58226.1
2017-07-21 00:00:00,58258.8
2017-07-21 01:00:00,56174.9
2017-07-21 02:00:00,53988.100000000006
2017-07-21 03:00:00,52794.90000000001
2017-07-21 04:00:00,53154.4
2017-07-21 05:00:00,51334.2
2017-07-21 06:00:00,50271.0
2017-07-21 07:00:00,49023.0
2017-07-21 08:00:00,47847.3
2017-07-21 09:00:00,49338.100000000006
2017-07-21 10:00:00,52115.5
2017-07-21 11:00:00,54690.9
2017-07-21 12:00:00,57082.4
2017-07-21 13:00:00,59795.4
2017-07-21 14:00:00,62793.399999999994
2017-07-21 15:00:00,65685.9
2017-07-21 16:00:00,67081.8
2017-07-21 17:00:00,67551.5
2017-07-21 18:00:00,67349.1
2017-07-21 19:00:00,66982.09999999999
2017-07-21 20:00:00,66814.9
2017-07-21 21:00:00,66115.5
2017-07-21 22:00:00,65750.4
2017-07-21 23:00:00,65554.09999999999
2017-07-22 00:00:00,65224.7
2017-07-22 01:00:00,65785.7
2017-07-22 02:00:00,65522.399999999994
2017-07-22 03:00:00,67251.2
2017-07-22 04:00:00,67348.8
2017-07-22 05:00:00,65983.69999999998
2017-07-22 06:00:00,66748.4
2017-07-22 07:00:00,66282.6
2017-07-22 08:00:00,65750.6
2017-07-22 09:00:00,66513.7
2017-07-22 10:00:00,68297.4
2017-07-22 11:00:00,70227.7
2017-07-22 12:00:00,74293.6
2017-07-22 13:00:00,78219.5
2017-07-22 14:00:00,80306.79999999999
2017-07-22 15:00:00,82585.90000000001
2017-07-22 16:00:00,83348.3
2017-07-22 17:00:00,84153.1
2017-07-22 18:00:00,85751.0
2017-07-22 19:00:00,85131.3
2017-07-22 20:00:00,85429.6
2017-07-22 21:00:00,83668.0
2017-07-22 22:00:00,81357.1
2017-07-22 23:00:00,78140.4
2017-07-23 00:00:00,74523.4
2017-07-23 01:00:00,71932.8
2017-07-23 02:00:00,69955.0
2017-07-23 03:00:00,66729.90000000001
2017-07-23 04:00:00,61212.7
2017-07-23 05:00:00,57851.8
2017-07-23 06:00:00,53412.2
2017-07-23 07:00:00,51546.0
2017-07-23 08:00:00,50533.5
2017-07-23 09:00:00,51335.6
2017-07-23 10:00:00,54666.9
2017-07-23 11:00:00,57231.600000000006
2017-07-23 12:00:00,61626.2
2017-07-23 13:00:00,66921.70000000001
2017-07-23 14:00:00,74139.1
2017-07-23 15:00:00,78847.1
2017-07-23 16:00:00,84194.4
2017-07-23 17:00:00,86451.20000000001
2017-07-23 18:00:00,88970.1
2017-07-23 19:00:00,82884.79999999999
2017-07-23 20:00:00,78493.4
2017-07-23 21:00:00,77265.0
2017-07-23 22:00:00,75731.6
2017-07-23 23:00:00,73026.20000000001
2017-07-24 00:00:00,69125.1
2017-07-24 01:00:00,66321.0
2017-07-24 02:00:00,66022.59999999999
2017-07-24 03:00:00,60016.100000000006
2017-07-24 04:00:00,57636.100000000006
2017-07-24 05:00:00,55178.0
2017-07-24 06:00:00,54386.5
2017-07-24 07:00:00,52905.8
2017-07-24 08:00:00,51901.59999999999
2017-07-24 09:00:00,51817.899999999994
2017-07-24 10:00:00,55919.9
2017-07-24 11:00:00,59380.3
2017-07-24 12:00:00,61337.9
2017-07-24 13:00:00,65789.7
2017-07-24 14:00:00,69268.2
2017-07-24 15:00:00,72851.4
2017-07-24 16:00:00,77114.0
2017-07-24 17:00:00,82074.9
2017-07-24 18:00:00,84972.0
2017-07-24 19:00:00,80727.90000000001
2017-07-24 20:00:00,76588.90000000001
2017-07-24 21:00:00,74954.2
2017-07-24 22:00:00,75730.0
2017-07-24 23:00:00,74771.5
2017-07-25 00:00:00,76029.6
2017-07-25 01:00:00,71216.79999999999
2017-07-25 02:00:00,71138.0
2017-07-25 03:00:00,70576.1
2017-07-25 04:00:00,70785.4
2017-07-25 05:00:00,69015.5
2017-07-25 06:00:00,65852.7
2017-07-25 07:00:00,64577.7
2017-07-25 08:00:00,62574.7
2017-07-25 09:00:00,61740.100000000006
2017-07-25 10:00:00,63515.200000000004
2017-07-25 11:00:00,68757.6
2017-07-25 12:00:00,71784.2
2017-07-25 13:00:00,76382.79999999999
2017-07-25 14:00:00,81881.6
2017-07-25 15:00:00,88720.3
2017-07-25 16:00:00,94486.6
2017-07-25 17:00:00,97683.59999999999
2017-07-25 18:00:00,96444.79999999999
2017-07-25 19:00:00,90821.8
2017-07-25 20:00:00,87534.0
2017-07-25 21:00:00,86912.5
2017-07-25 22:00:00,91212.1
2017-07-25 23:00:00,92248.6
2017-07-26 00:00:00,88683.1
2017-07-26 01:00:00,85914.8
2017-07-26 02:00:00,81396.5
2017-07-26 03:00:00,79021.2
2017-07-26 04:00:00,75969.2
2017-07-26 05:00:00,71462.1
2017-07-26 06:00:00,66825.29999999999
2017-07-26 07:00:00,63133.3
2017-07-26 08:00:00,62967.5
2017-07-26 09:00:00,63512.1
2017-07-26 10:00:00,64511.7
2017-07-26 11:00:00,68577.0
2017-07-26 12:00:00,74051.6
2017-07-26 13:00:00,80354.9
2017-07-26 14:00:00,83910.5
2017-07-26 15:00:00,86285.2
2017-07-26 16:00:00,90756.40000000001
2017-07-26 17:00:00,95916.20000000001
2017-07-26 18:00:00,96677.79999999999
2017-07-26 19:00:00,94284.20000000001
2017-07-26 20:00:00,92162.99999999999
2017-07-26 21:00:00,89920.5
2017-07-26 22:00:00,87673.09999999999
2017-07-26 23:00:00,85846.5
2017-07-27 00:00:00,81240.7
2017-07-27 01:00:00,78981.29999999999
2017-07-27 02:00:00,76664.4
2017-07-27 03:00:00,77038.8
2017-07-27 04:00:00,75671.1
2017-07-27 05:00:00,71791.7
2017-07-27 06:00:00,67985.6
2017-07-27 07:00:00,64232.8
2017-07-27 08:00:00,61034.299999999996
2017-07-27 09:00:00,62623.700000000004
2017-07-27 10:00:00,67261.5
2017-07-27 11:00:00,71607.6
2017-07-27 12:00:00,75934.20000000001
2017-07-27 13:00:00,84382.3
2017-07-27 14:00:00,89672.8
2017-07-27 15:00:00,93623.9
2017-07-27 16:00:00,94959.79999999999
2017-07-27 17:00:00,96268.8
2017-07-27 18:00:00,93887.6
2017-07-27 19:00:00,92032.20000000001
2017-07-27 20:00:00,90647.8
2017-07-27 21:00:00,90338.3
2017-07-27 22:00:00,86885.59999999999
2017-07-27 23:00:00,85405.9
2017-07-28 00:00:00,82036.9
2017-07-28 01:00:00,80376.7
2017-07-28 02:00:00,78111.4
2017-07-28 03:00:00,73723.20000000001
2017-07-28 04:00:00,68011.4
2017-07-28 05:00:00,64808.899999999994
2017-07-28 06:00:00,59952.1
2017-07-28 07:00:00,56249.0
2017-07-28 08:00:00,55860.700000000004
2017-07-28 09:00:00,55369.6
2017-07-28 10:00:00,54972.0
2017-07-28 11:00:00,56937.6
2017-07-28 12:00:00,60591.6
2017-07-28 13:00:00,62811.4
2017-07-28 14:00:00,65029.2
2017-07-28 15:00:00,65816.79999999999
2017-07-28 16:00:00,64671.799999999996
2017-07-28 17:00:00,62308.9
2017-07-28 18:00:00,61705.9
2017-07-28 19:00:00,62080.6
2017-07-28 20:00:00,61175.3
2017-07-28 21:00:00,59915.0
2017-07-28 22:00:00,56495.4
2017-07-28 23:00:00,54745.0
2017-07-29 00:00:00,54405.8
2017-07-29 01:00:00,53514.8
2017-07-29 02:00:00,50668.8
2017-07-29 03:00:00,48557.100000000006
2017-07-29 04:00:00,46948.7
2017-07-29 05:00:00,44871.8
2017-07-29 06:00:00,45501.6
2017-07-29 07:00:00,51729.399999999994
2017-07-29 08:00:00,62060.3
2017-07-29 09:00:00,65224.700000000004
2017-07-29 10:00:00,64413.4
2017-07-29 11:00:00,63221.2
2017-07-29 12:00:00,63094.6
2017-07-29 13:00:00,66217.8
2017-07-29 14:00:00,68334.5
2017-07-29 15:00:00,69983.7
2017-07-29 16:00:00,72092.8
2017-07-29 17:00:00,73060.4
2017-07-29 18:00:00,72738.3
2017-07-29 19:00:00,71349.0
2017-07-29 20:00:00,71209.1
2017-07-29 21:00:00,69636.6
2017-07-29 22:00:00,71069.29999999999
2017-07-29 23:00:00,70022.2
2017-07-30 00:00:00,68401.4
2017-07-30 01:00:00,68676.79999999999
2017-07-30 02:00:00,76988.09999999999
2017-07-30 03:00:00,76033.4
2017-07-30 04:00:00,73244.7
2017-07-30 05:00:00,69678.1
2017-07-30 06:00:00,67087.09999999999
2017-07-30 07:00:00,65097.0
2017-07-30 08:00:00,63895.200000000004
2017-07-30 09:00:00,63991.899999999994
2017-07-30 10:00:00,65952.2
2017-07-30 11:00:00,68855.2
2017-07-30 12:00:00,72136.0
2017-07-30 13:00:00,75701.40000000001
2017-07-30 14:00:00,80458.1
2017-07-30 15:00:00,83030.09999999999
2017-07-30 16:00:00,84682.5
2017-07-30 17:00:00,84440.4
2017-07-30 18:00:00,83184.0
2017-07-30 19:00:00,82152.4
2017-07-30 20:00:00,80891.5
2017-07-30 21:00:00,81520.5
2017-07-30 22:00:00,78636.0
2017-07-30 23:00:00,77642.8
2017-07-31 00:00:00,75991.8
2017-07-31 01:00:00,72934.7
2017-07-31 02:00:00,70194.2
2017-07-31 03:00:00,67349.3
2017-07-31 04:00:00,65298.8
2017-07-31 05:00:00,61629.3
2017-07-31 06:00:00,59220.299999999996
2017-07-31 07:00:00,59186.7
2017-07-31 08:00:00,59855.3
2017-07-31 09:00:00,62058.9
2017-07-31 10:00:00,71699.5
2017-07-31 11:00:00,80696.1
2017-07-31 12:00:00,82265.20000000001
2017-07-31 13:00:00,84611.20000000001
2017-07-31 14:00:00,88823.3
2017-07-31 15:00:00,91335.4
2017-07-31 16:00:00,93464.2
2017-07-31 17:00:00,97173.2
2017-07-31 18:00:00,95494.2
2017-07-31 19:00:00,94477.5
2017-07-31 20:00:00,96172.5
2017-07-31 21:00:00,97833.8
2017-07-31 22:00:00,93607.0
2017-07-31 23:00:00,89783.9
2017-08-01 00:00:00,83831.09999999999
2017-08-01 01:00:00,77958.2
2017-08-01 02:00:00,75233.9
2017-08-01 03:00:00,69985.6
2017-08-01 04:00:00,66601.7
2017-08-01 05:00:00,63135.0
2017-08-01 06:00:00,57798.4
2017-08-01 07:00:00,53905.5
2017-08-01 08:00:00,53158.700000000004
2017-08-01 09:00:00,55740.9
2017-08-01 10:00:00,61095.2
2017-08-01 11:00:00,67428.29999999999
2017-08-01 12:00:00,72760.6
2017-08-01 13:00:00,76888.4
2017-08-01 14:00:00,79947.9
2017-08-01 15:00:00,80688.7
2017-08-01 16:00:00,81557.4
2017-08-01 17:00:00,93545.59999999999
2017-08-01 18:00:00,101988.59999999999
2017-08-01 19:00:00,100762.7
2017-08-01 20:00:00,93572.1
2017-08-01 21:00:00,88729.3
2017-08-01 22:00:00,84410.0
2017-08-01 23:00:00,80305.0
2017-08-02 00:00:00,76813.1
2017-08-02 01:00:00,77800.5
2017-08-02 02:00:00,76596.8
2017-08-02 03:00:00,74237.0
2017-08-02 04:00:00,71669.6
2017-08-02 05:00:00,70895.0
2017-08-02 06:00:00,70550.8
2017-08-02 07:00:00,70057.79999999999
2017-08-02 08:00:00,71042.9
2017-08-02 09:00:00,72280.2
2017-08-02 10:00:00,73753.2
2017-08-02 11:00:00,79725.7
2017-08-02 12:00:00,83516.6
2017-08-02 13:00:00,85864.6
2017-08-02 14:00:00,92498.4
2017-08-02 15:00:00,100576.5
2017-08-02 16:00:00,102126.0
2017-08-02 17:00:00,100891.59999999999
2017-08-02 18:00:00,100239.1
2017-08-02 19:00:00,94823.5
2017-08-02 20:00:00,91736.0
2017-08-02 21:00:00,86272.9
2017-08-02 22:00:00,80513.20000000001
2017-08-02 23:00:00,73535.5
2017-08-03 00:00:00,68365.79999999999
2017-08-03 01:00:00,64308.9
2017-08-03 02:00:00,61676.8
2017-08-03 03:00:00,57427.6
2017-08-03 04:00:00,56949.5
2017-08-03 05:00:00,53913.1
2017-08-03 06:00:00,53622.9
2017-08-03 07:00:00,52790.5
2017-08-03 08:00:00,51757.3
2017-08-03 09:00:00,53545.899999999994
2017-08-03 10:00:00,54812.7
2017-08-03 11:00:00,58835.2
2017-08-03 12:00:00,64417.49999999999
2017-08-03 13:00:00,67619.9
2017-08-03 14:00:00,71048.6
2017-08-03 15:00:00,75102.7
2017-08-03 16:00:00,76859.29999999999
2017-08-03 17:00:00,75051.5
2017-08-03 18:00:00,72273.0
2017-08-03 19:00:00,70130.20000000001
2017-08-03 20:00:00,72596.8
2017-08-03 21:00:00,67594.1
2017-08-03 22:00:00,66030.6
2017-08-03 23:00:00,65614.9
2017-08-04 00:00:00,60962.50000000001
2017-08-04 01:00:00,59612.0
2017-08-04 02:00:00,58772.00000000001
2017-08-04 03:00:00,55794.100000000006
2017-08-04 04:00:00,53167.399999999994
2017-08-04 05:00:00,50812.3
2017-08-04 06:00:00,51719.90000000001
2017-08-04 07:00:00,48901.3
2017-08-04 08:00:00,47727.09999999999
2017-08-04 09:00:00,49638.5
2017-08-04 10:00:00,53266.5
2017-08-04 11:00:00,56170.3
2017-08-04 12:00:00,59810.5
2017-08-04 13:00:00,61053.3
2017-08-04 14:00:00,61676.7
2017-08-04 15:00:00,63933.399999999994
2017-08-04 16:00:00,65130.6
2017-08-04 17:00:00,66124.5
2017-08-04 18:00:00,63130.9
2017-08-04 19:00:00,63133.7
2017-08-04 20:00:00,62597.399999999994
2017-08-04 21:00:00,59793.7
2017-08-04 22:00:00,59287.8
2017-08-04 23:00:00,57141.3
2017-08-05 00:00:00,54059.399999999994
2017-08-05 01:00:00,51927.0
2017-08-05 02:00:00,50513.6
2017-08-05 03:00:00,48773.600000000006
2017-08-05 04:00:00,47755.6
2017-08-05 05:00:00,47044.2
2017-08-05 06:00:00,44735.3
2017-08-05 07:00:00,43041.0
2017-08-05 08:00:00,44084.5
2017-08-05 09:00:00,44392.2
2017-08-05 10:00:00,47384.600000000006
2017-08-05 11:00:00,50971.5
2017-08-05 12:00:00,51968.1
2017-08-05 13:00:00,55462.1
2017-08-05 14:00:00,61479.0
2017-08-05 15:00:00,66850.6
2017-08-05 16:00:00,67525.20000000001
2017-08-05 17:00:00,69090.79999999999
2017-08-05 18:00:00,66017.8
2017-08-05 19:00:00,64220.1
2017-08-05 20:00:00,61738.0
2017-08-05 21:00:00,60243.399999999994
2017-08-05 22:00:00,58260.899999999994
2017-08-05 23:00:00,57339.0
2017-08-06 00:00:00,56199.3
2017-08-06 01:00:00,56139.8
2017-08-06 02:00:00,53688.6
2017-08-06 03:00:00,53046.2
2017-08-06 04:00:00,51149.799999999996
2017-08-06 05:00:00,51026.600000000006
2017-08-06 06:00:00,50864.899999999994
2017-08-06 07:00:00,49255.600000000006
2017-08-06 08:00:00,47590.9
2017-08-06 09:00:00,48738.600000000006
2017-08-06 10:00:00,51971.200000000004
2017-08-06 11:00:00,55402.2
2017-08-06 12:00:00,59427.5
2017-08-06 13:00:00,63713.4
2017-08-06 14:00:00,66985.3
2017-08-06 15:00:00,68025.29999999999
2017-08-06 16:00:00,68405.0
2017-08-06 17:00:00,68334.6
2017-08-06 18:00:00,67282.8
2017-08-06 19:00:00,66350.9
2017-08-06 20:00:00,65921.5
2017-08-06 21:00:00,65303.4
2017-08-06 22:00:00,64712.2
2017-08-06 23:00:00,65924.1
2017-08-07 00:00:00,63305.7
2017-08-07 01:00:00,61995.5
2017-08-07 02:00:00,59913.8
2017-08-07 03:00:00,57871.200000000004
2017-08-07 04:00:00,59626.3
2017-08-07 05:00:00,57477.100000000006
2017-08-07 06:00:00,54980.2
2017-08-07 07:00:00,54188.3
2017-08-07 08:00:00,53088.8
2017-08-07 09:00:00,52447.3
2017-08-07 10:00:00,56360.0
2017-08-07 11:00:00,58856.40000000001
2017-08-07 12:00:00,63557.5
2017-08-07 13:00:00,67281.9
2017-08-07 14:00:00,73256.6
2017-08-07 15:00:00,79634.59999999999
2017-08-07 16:00:00,78104.0
2017-08-07 17:00:00,77115.0
2017-08-07 18:00:00,73536.70000000001
2017-08-07 19:00:00,73641.29999999999
2017-08-07 20:00:00,72200.6
2017-08-07 21:00:00,71207.9
2017-08-07 22:00:00,70415.4
2017-08-07 23:00:00,67725.3
2017-08-08 00:00:00,66556.5
2017-08-08 01:00:00,64342.0
2017-08-08 02:00:00,62271.5
2017-08-08 03:00:00,61523.299999999996
2017-08-08 04:00:00,58292.100000000006
2017-08-08 05:00:00,56252.299999999996
2017-08-08 06:00:00,55142.5
2017-08-08 07:00:00,52688.7
2017-08-08 08:00:00,52740.9
2017-08-08 09:00:00,51716.1
2017-08-08 10:00:00,54637.100000000006
2017-08-08 11:00:00,59890.3
2017-08-08 12:00:00,63460.5
2017-08-08 13:00:00,69481.9
2017-08-08 14:00:00,75896.2
2017-08-08 15:00:00,76153.2
2017-08-08 16:00:00,75029.6
2017-08-08 17:00:00,75695.8
2017-08-08 18:00:00,75254.6
2017-08-08 19:00:00,73173.1
2017-08-08 20:00:00,70786.6
2017-08-08 21:00:00,71526.6
2017-08-08 22:00:00,68478.3
2017-08-08 23:00:00,66020.0
2017-08-09 00:00:00,66916.4
2017-08-09 01:00:00,63640.3
2017-08-09 02:00:00,61024.2
2017-08-09 03:00:00,60409.2
2017-08-09 04:00:00,58834.8
2017-08-09 05:00:00,58978.700000000004
2017-08-09 06:00:00,55982.899999999994
2017-08-09 07:00:00,57823.200000000004
2017-08-09 08:00:00,56529.100000000006
2017-08-09 09:00:00,57575.3
2017-08-09 10:00:00,60261.799999999996
2017-08-09 11:00:00,65236.8
2017-08-09 12:00:00,68712.7
2017-08-09 13:00:00,71849.1
2017-08-09 14:00:00,74334.5
2017-08-09 15:00:00,77190.40000000001
2017-08-09 16:00:00,76587.2
2017-08-09 17:00:00,75253.0
2017-08-09 18:00:00,76145.0
2017-08-09 19:00:00,73930.7
2017-08-09 20:00:00,70903.9
2017-08-09 21:00:00,69776.9
2017-08-09 22:00:00,69499.7
2017-08-09 23:00:00,65070.200000000004
2017-08-10 00:00:00,64220.799999999996
2017-08-10 01:00:00,63002.0
2017-08-10 02:00:00,64550.5
2017-08-10 03:00:00,59531.3
2017-08-10 04:00:00,54992.799999999996
2017-08-10 05:00:00,51779.5
2017-08-10 06:00:00,49630.09999999999
2017-08-10 07:00:00,46941.899999999994
2017-08-10 08:00:00,46087.5
2017-08-10 09:00:00,46199.7
2017-08-10 10:00:00,50303.700000000004
2017-08-10 11:00:00,54509.2
2017-08-10 12:00:00,61687.799999999996
2017-08-10 13:00:00,68066.1
2017-08-10 14:00:00,70788.8
2017-08-10 15:00:00,71207.7
2017-08-10 16:00:00,70016.7
2017-08-10 17:00:00,70296.1
2017-08-10 18:00:00,68639.29999999999
2017-08-10 19:00:00,67483.8
2017-08-10 20:00:00,63445.200000000004
2017-08-10 21:00:00,63412.1
2017-08-10 22:00:00,61739.2
2017-08-10 23:00:00,60964.0
2017-08-11 00:00:00,57517.2
2017-08-11 01:00:00,56336.100000000006
2017-08-11 02:00:00,53976.3
2017-08-11 03:00:00,52065.600000000006
2017-08-11 04:00:00,50441.3
2017-08-11 05:00:00,48004.9
2017-08-11 06:00:00,45401.1
2017-08-11 07:00:00,43295.899999999994
2017-08-11 08:00:00,42845.200000000004
2017-08-11 09:00:00,44212.2
2017-08-11 10:00:00,46777.2
2017-08-11 11:00:00,52046.0
2017-08-11 12:00:00,57392.2
2017-08-11 13:00:00,63009.399999999994
2017-08-11 14:00:00,67593.1
2017-08-11 15:00:00,69602.9
2017-08-11 16:00:00,70058.6
2017-08-11 17:00:00,67827.0
2017-08-11 18:00:00,66048.7
2017-08-11 19:00:00,65225.9
2017-08-11 20:00:00,63708.99999999999
2017-08-11 21:00:00,63032.4
2017-08-11 22:00:00,60525.0
2017-08-11 23:00:00,60392.0
2017-08-12 00:00:00,58777.1
2017-08-12 01:00:00,56319.3
2017-08-12 02:00:00,53295.6
2017-08-12 03:00:00,51010.600000000006
2017-08-12 04:00:00,49725.40000000001
2017-08-12 05:00:00,47097.1
2017-08-12 06:00:00,42936.2
2017-08-12 07:00:00,43160.2
2017-08-12 08:00:00,40256.9
2017-08-12 09:00:00,42181.350000000006
2017-08-12 10:00:00,43917.2
2017-08-12 11:00:00,49289.0
2017-08-12 12:00:00,55033.600000000006
2017-08-12 13:00:00,54801.6
2017-08-12 14:00:00,56819.700000000004
2017-08-12 15:00:00,58026.600000000006
2017-08-12 16:00:00,57666.9
2017-08-12 17:00:00,59951.399999999994
2017-08-12 18:00:00,58375.8
2017-08-12 19:00:00,57331.5
2017-08-12 20:00:00,55462.1
2017-08-12 21:00:00,54519.8
2017-08-12 22:00:00,53467.4
2017-08-12 23:00:00,50577.8
2017-08-13 00:00:00,50367.0
2017-08-13 01:00:00,45460.2
2017-08-13 02:00:00,43831.3
2017-08-13 03:00:00,40896.45
2017-08-13 04:00:00,38305.67
2017-08-13 05:00:00,37510.1
2017-08-13 06:00:00,36548.38
2017-08-13 07:00:00,34355.96000000001
2017-08-13 08:00:00,34038.020000000004
2017-08-13 09:00:00,35197.86
2017-08-13 10:00:00,37484.07000000001
2017-08-13 11:00:00,42497.6
2017-08-13 12:00:00,46799.299999999996
2017-08-13 13:00:00,50939.200000000004
2017-08-13 14:00:00,51362.600000000006
2017-08-13 15:00:00,53713.5
2017-08-13 16:00:00,55148.200000000004
2017-08-13 17:00:00,55745.5
2017-08-13 18:00:00,56010.600000000006
2017-08-13 19:00:00,54423.6
2017-08-13 20:00:00,53932.3
2017-08-13 21:00:00,52020.6
2017-08-13 22:00:00,51386.0
2017-08-13 23:00:00,50629.0
2017-08-14 00:00:00,48944.700000000004
2017-08-14 01:00:00,48538.3
2017-08-14 02:00:00,46362.1
2017-08-14 03:00:00,45792.5
2017-08-14 04:00:00,46609.4
2017-08-14 05:00:00,45645.7
2017-08-14 06:00:00,45236.9
2017-08-14 07:00:00,44470.2
2017-08-14 08:00:00,44142.6
2017-08-14 09:00:00,44807.399999999994
2017-08-14 10:00:00,46806.100000000006
2017-08-14 11:00:00,50907.600000000006
2017-08-14 12:00:00,51767.600000000006
2017-08-14 13:00:00,53741.299999999996
2017-08-14 14:00:00,55542.5
2017-08-14 15:00:00,57521.799999999996
2017-08-14 16:00:00,58059.5
2017-08-14 17:00:00,59549.3
2017-08-14 18:00:00,56730.7
2017-08-14 19:00:00,56468.100000000006
2017-08-14 20:00:00,55200.4
2017-08-14 21:00:00,54384.399999999994
2017-08-14 22:00:00,53638.7
2017-08-14 23:00:00,51242.4
2017-08-15 00:00:00,47091.7
2017-08-15 01:00:00,45856.2
2017-08-15 02:00:00,43562.3
2017-08-15 03:00:00,41134.8
2017-08-15 04:00:00,39367.05
2017-08-15 05:00:00,38544.45
2017-08-15 06:00:00,36766.59
2017-08-15 07:00:00,34218.03999999999
2017-08-15 08:00:00,34189.399999999994
2017-08-15 09:00:00,34369.479999999996
2017-08-15 10:00:00,36167.490000000005
2017-08-15 11:00:00,38627.22
2017-08-15 12:00:00,43738.600000000006
2017-08-15 13:00:00,47974.8
2017-08-15 14:00:00,48280.899999999994
2017-08-15 15:00:00,49434.6
2017-08-15 16:00:00,49601.899999999994
2017-08-15 17:00:00,50739.2
2017-08-15 18:00:00,51346.5
2017-08-15 19:00:00,49913.09999999999
2017-08-15 20:00:00,46923.299999999996
2017-08-15 21:00:00,45798.1
2017-08-15 22:00:00,44747.200000000004
2017-08-15 23:00:00,43645.9
2017-08-16 00:00:00,44102.5
2017-08-16 01:00:00,42326.1
2017-08-16 02:00:00,43341.7
2017-08-16 03:00:00,40978.399999999994
2017-08-16 04:00:00,40099.649999999994
2017-08-16 05:00:00,38866.67
2017-08-16 06:00:00,38321.65
2017-08-16 07:00:00,37658.67
2017-08-16 08:00:00,37132.619999999995
2017-08-16 09:00:00,38734.86
2017-08-16 10:00:00,40205.619999999995
2017-08-16 11:00:00,44829.899999999994
2017-08-16 12:00:00,47532.0
2017-08-16 13:00:00,51396.3
2017-08-16 14:00:00,54269.399999999994
2017-08-16 15:00:00,55916.399999999994
2017-08-16 16:00:00,55800.600000000006
2017-08-16 17:00:00,56466.00000000001
2017-08-16 18:00:00,56334.49999999999
2017-08-16 19:00:00,53521.8
2017-08-16 20:00:00,53460.8
2017-08-16 21:00:00,52365.7
2017-08-16 22:00:00,50976.1
2017-08-16 23:00:00,49851.1
2017-08-17 00:00:00,48128.5
2017-08-17 01:00:00,47802.3
2017-08-17 02:00:00,45281.600000000006
2017-08-17 03:00:00,43618.100000000006
2017-08-17 04:00:00,41362.0
2017-08-17 05:00:00,39335.130000000005
2017-08-17 06:00:00,38271.09
2017-08-17 07:00:00,36141.87999999999
2017-08-17 08:00:00,35237.25
2017-08-17 09:00:00,36163.22
2017-08-17 10:00:00,40112.880000000005
2017-08-17 11:00:00,43165.1
2017-08-17 12:00:00,47421.3
2017-08-17 13:00:00,50278.90000000001
2017-08-17 14:00:00,52303.3
2017-08-17 15:00:00,53516.5
2017-08-17 16:00:00,55754.5
2017-08-17 17:00:00,54720.7
2017-08-17 18:00:00,54699.8
2017-08-17 19:00:00,53340.200000000004
2017-08-17 20:00:00,52337.2
2017-08-17 21:00:00,50648.2
2017-08-17 22:00:00,49129.90000000001
2017-08-17 23:00:00,47472.8
2017-08-18 00:00:00,47395.600000000006
2017-08-18 01:00:00,45055.7
2017-08-18 02:00:00,43412.7
2017-08-18 03:00:00,42448.2
2017-08-18 04:00:00,41684.600000000006
2017-08-18 05:00:00,40980.4
2017-08-18 06:00:00,39735.880000000005
2017-08-18 07:00:00,38248.91
2017-08-18 08:00:00,38183.270000000004
2017-08-18 09:00:00,39189.01
2017-08-18 10:00:00,40494.36
2017-08-18 11:00:00,42402.0
2017-08-18 12:00:00,47387.7
2017-08-18 13:00:00,50248.9
2017-08-18 14:00:00,52405.7
2017-08-18 15:00:00,53655.5
2017-08-18 16:00:00,52822.4
2017-08-18 17:00:00,54307.2
2017-08-18 18:00:00,54589.7
2017-08-18 19:00:00,53625.799999999996
2017-08-18 20:00:00,52279.2
2017-08-18 21:00:00,51709.9
2017-08-18 22:00:00,51596.5
2017-08-18 23:00:00,50060.200000000004
2017-08-19 00:00:00,47532.0
2017-08-19 01:00:00,45823.5
2017-08-19 02:00:00,44475.2
2017-08-19 03:00:00,42024.0
2017-08-19 04:00:00,41789.63
2017-08-19 05:00:00,41217.259999999995
2017-08-19 06:00:00,41533.6
2017-08-19 07:00:00,41491.4
2017-08-19 08:00:00,40848.0
2017-08-19 09:00:00,43577.600000000006
2017-08-19 10:00:00,44875.1
2017-08-19 11:00:00,47390.3
2017-08-19 12:00:00,51366.2
2017-08-19 13:00:00,52816.0
2017-08-19 14:00:00,56626.7
2017-08-19 15:00:00,59951.399999999994
2017-08-19 16:00:00,60011.8
2017-08-19 17:00:00,60378.4
2017-08-19 18:00:00,61243.2
2017-08-19 19:00:00,58038.0
2017-08-19 20:00:00,58084.2
2017-08-19 21:00:00,55085.1
2017-08-19 22:00:00,54083.7
2017-08-19 23:00:00,53183.6
2017-08-20 00:00:00,51848.700000000004
2017-08-20 01:00:00,49056.5
2017-08-20 02:00:00,47272.2
2017-08-20 03:00:00,46480.6
2017-08-20 04:00:00,48008.5
2017-08-20 05:00:00,53866.00000000001
2017-08-20 06:00:00,56650.3
2017-08-20 07:00:00,58567.4
2017-08-20 08:00:00,59929.799999999996
2017-08-20 09:00:00,58148.5
2017-08-20 10:00:00,57120.5
2017-08-20 11:00:00,57496.8
2017-08-20 12:00:00,60816.700000000004
2017-08-20 13:00:00,62182.9
2017-08-20 14:00:00,63005.2
2017-08-20 15:00:00,63894.2
2017-08-20 16:00:00,64251.8
2017-08-20 17:00:00,64901.600000000006
2017-08-20 18:00:00,65916.9
2017-08-20 19:00:00,64422.7
2017-08-20 20:00:00,63261.5
2017-08-20 21:00:00,64378.8
2017-08-20 22:00:00,63221.0
2017-08-20 23:00:00,62274.1
2017-08-21 00:00:00,62690.5
2017-08-21 01:00:00,62573.2
2017-08-21 02:00:00,59401.899999999994
2017-08-21 03:00:00,59734.799999999996
2017-08-21 04:00:00,61219.4
2017-08-21 05:00:00,60620.700000000004
2017-08-21 06:00:00,61089.1
2017-08-21 07:00:00,61123.8
2017-08-21 08:00:00,61467.4
2017-08-21 09:00:00,61996.1
2017-08-21 10:00:00,62945.9
2017-08-21 11:00:00,64872.0
2017-08-21 12:00:00,69193.7
2017-08-21 13:00:00,71418.20000000001
2017-08-21 14:00:00,72379.5
2017-08-21 15:00:00,71317.8
2017-08-21 16:00:00,70787.29999999999
2017-08-21 17:00:00,70129.59999999999
2017-08-21 18:00:00,71146.0
2017-08-21 19:00:00,72493.4
2017-08-21 20:00:00,69792.6
2017-08-21 21:00:00,66513.70000000001
2017-08-21 22:00:00,63127.799999999996
2017-08-21 23:00:00,61431.600000000006
2017-08-22 00:00:00,58091.600000000006
2017-08-22 01:00:00,53025.600000000006
2017-08-22 02:00:00,50405.59999999999
2017-08-22 03:00:00,46944.7
2017-08-22 04:00:00,43628.399999999994
2017-08-22 05:00:00,42216.5
2017-08-22 06:00:00,40884.52
2017-08-22 07:00:00,39093.28
2017-08-22 08:00:00,38918.16
2017-08-22 09:00:00,39080.829999999994
2017-08-22 10:00:00,40547.77
2017-08-22 11:00:00,45504.7
2017-08-22 12:00:00,50036.100000000006
2017-08-22 13:00:00,52687.200000000004
2017-08-22 14:00:00,54971.399999999994
2017-08-22 15:00:00,56470.200000000004
2017-08-22 16:00:00,57669.6
2017-08-22 17:00:00,56557.1
2017-08-22 18:00:00,56092.0
2017-08-22 19:00:00,55313.399999999994
2017-08-22 20:00:00,54675.600000000006
2017-08-22 21:00:00,53518.6
2017-08-22 22:00:00,52853.299999999996
2017-08-22 23:00:00,51349.1
2017-08-23 00:00:00,48978.7
2017-08-23 01:00:00,46898.399999999994
2017-08-23 02:00:00,47250.100000000006
2017-08-23 03:00:00,48972.3
2017-08-23 04:00:00,48872.600000000006
2017-08-23 05:00:00,45742.40000000001
2017-08-23 06:00:00,43648.700000000004
2017-08-23 07:00:00,42447.4
2017-08-23 08:00:00,41073.3
2017-08-23 09:00:00,41477.8
2017-08-23 10:00:00,44972.6
2017-08-23 11:00:00,50286.200000000004
2017-08-23 12:00:00,52195.3
2017-08-23 13:00:00,51683.2
2017-08-23 14:00:00,50987.7
2017-08-23 15:00:00,51547.3
2017-08-23 16:00:00,52702.6
2017-08-23 17:00:00,53030.3
2017-08-23 18:00:00,55087.4
2017-08-23 19:00:00,52688.4
2017-08-23 20:00:00,50780.299999999996
2017-08-23 21:00:00,48910.899999999994
2017-08-23 22:00:00,47023.100000000006
2017-08-23 23:00:00,44496.7
2017-08-24 00:00:00,43976.6
2017-08-24 01:00:00,40978.4
2017-08-24 02:00:00,39771.07
2017-08-24 03:00:00,37093.729999999996
2017-08-24 04:00:00,35608.700000000004
2017-08-24 05:00:00,34542.35
2017-08-24 06:00:00,34649.42
2017-08-24 07:00:00,32735.559999999998
2017-08-24 08:00:00,32123.620000000003
2017-08-24 09:00:00,32747.91
2017-08-24 10:00:00,35369.590000000004
2017-08-24 11:00:00,37060.87
2017-08-24 12:00:00,42824.5
2017-08-24 13:00:00,46768.6
2017-08-24 14:00:00,47864.899999999994
2017-08-24 15:00:00,48539.8
2017-08-24 16:00:00,48620.5
2017-08-24 17:00:00,45959.1
2017-08-24 18:00:00,45430.3
2017-08-24 19:00:00,43995.8
2017-08-24 20:00:00,43042.6
2017-08-24 21:00:00,42371.6
2017-08-24 22:00:00,39418.86
2017-08-24 23:00:00,39634.65
2017-08-25 00:00:00,39220.759999999995
2017-08-25 01:00:00,38881.53
2017-08-25 02:00:00,37251.31
2017-08-25 03:00:00,36221.28999999999
2017-08-25 04:00:00,36676.91
2017-08-25 05:00:00,38834.119999999995
2017-08-25 06:00:00,38557.79
2017-08-25 07:00:00,37671.32
2017-08-25 08:00:00,38487.88
2017-08-25 09:00:00,38247.32
2017-08-25 10:00:00,40255.28999999999
2017-08-25 11:00:00,42868.299999999996
2017-08-25 12:00:00,49293.8
2017-08-25 13:00:00,51951.399999999994
2017-08-25 14:00:00,49783.0
2017-08-25 15:00:00,49340.600000000006
2017-08-25 16:00:00,48537.5
2017-08-25 17:00:00,48271.600000000006
2017-08-25 18:00:00,46863.3
2017-08-25 19:00:00,45612.0
2017-08-25 20:00:00,44305.09999999999
2017-08-25 21:00:00,41729.16
2017-08-25 22:00:00,40989.759999999995
2017-08-25 23:00:00,39405.45
2017-08-26 00:00:00,38437.69
2017-08-26 01:00:00,36740.49
2017-08-26 02:00:00,34496.97
2017-08-26 03:00:00,33349.729999999996
2017-08-26 04:00:00,31834.92
2017-08-26 05:00:00,30286.96
2017-08-26 06:00:00,29759.57
2017-08-26 07:00:00,28307.85
2017-08-26 08:00:00,28416.51
2017-08-26 09:00:00,27931.22
2017-08-26 10:00:00,30097.03
2017-08-26 11:00:00,30784.94
2017-08-26 12:00:00,32713.13
2017-08-26 13:00:00,35153.740000000005
2017-08-26 14:00:00,36283.67999999999
2017-08-26 15:00:00,37087.43
2017-08-26 16:00:00,35803.73
2017-08-26 17:00:00,37444.8
2017-08-26 18:00:00,36639.810000000005
2017-08-26 19:00:00,35676.81
2017-08-26 20:00:00,36161.369999999995
2017-08-26 21:00:00,33493.12
2017-08-26 22:00:00,34711.49
2017-08-26 23:00:00,33943.02
2017-08-27 00:00:00,34398.869999999995
2017-08-27 01:00:00,33715.520000000004
2017-08-27 02:00:00,32515.1
2017-08-27 03:00:00,32075.28
2017-08-27 04:00:00,30247.55
2017-08-27 05:00:00,30012.44
2017-08-27 06:00:00,28241.07
2017-08-27 07:00:00,27709.22
2017-08-27 08:00:00,26567.15
2017-08-27 09:00:00,27175.96
2017-08-27 10:00:00,27106.100000000002
2017-08-27 11:00:00,29038.54
2017-08-27 12:00:00,31468.22
2017-08-27 13:00:00,34362.49
2017-08-27 14:00:00,36514.68
2017-08-27 15:00:00,38362.17
2017-08-27 16:00:00,39329.05
2017-08-27 17:00:00,38515.229999999996
2017-08-27 18:00:00,37602.44
2017-08-27 19:00:00,36573.29
2017-08-27 20:00:00,34862.21
2017-08-27 21:00:00,34945.840000000004
2017-08-27 22:00:00,33192.13
2017-08-27 23:00:00,33232.899999999994
2017-08-28 00:00:00,32045.399999999998
2017-08-28 01:00:00,31425.14
2017-08-28 02:00:00,31327.55
2017-08-28 03:00:00,34409.58
2017-08-28 04:00:00,37809.729999999996
2017-08-28 05:00:00,37134.08
2017-08-28 06:00:00,35199.71
2017-08-28 07:00:00,35803.14
2017-08-28 08:00:00,37457.97
2017-08-28 09:00:00,38191.130000000005
2017-08-28 10:00:00,39968.45
2017-08-28 11:00:00,37542.73
2017-08-28 12:00:00,37790.43
2017-08-28 13:00:00,39035.47
2017-08-28 14:00:00,38839.28
2017-08-28 15:00:00,38483.96
2017-08-28 16:00:00,39306.91
2017-08-28 17:00:00,39563.479999999996
2017-08-28 18:00:00,38143.31
2017-08-28 19:00:00,37436.189999999995
2017-08-28 20:00:00,36204.76
2017-08-28 21:00:00,35334.5
2017-08-28 22:00:00,33668.48
2017-08-28 23:00:00,32933.520000000004
2017-08-29 00:00:00,32086.62
2017-08-29 01:00:00,31486.34
2017-08-29 02:00:00,32074.329999999998
2017-08-29 03:00:00,34719.810000000005
2017-08-29 04:00:00,36360.18
2017-08-29 05:00:00,36943.14
2017-08-29 06:00:00,37645.149999999994
2017-08-29 07:00:00,37310.31
2017-08-29 08:00:00,38320.82000000001
2017-08-29 09:00:00,38306.28
2017-08-29 10:00:00,39118.32
2017-08-29 11:00:00,39951.6
2017-08-29 12:00:00,41181.4
2017-08-29 13:00:00,44482.799999999996
2017-08-29 14:00:00,45136.90000000001
2017-08-29 15:00:00,46233.8
2017-08-29 16:00:00,47068.7
2017-08-29 17:00:00,45449.600000000006
2017-08-29 18:00:00,44135.899999999994
2017-08-29 19:00:00,42581.4
2017-08-29 20:00:00,41537.8
2017-08-29 21:00:00,40986.630000000005
2017-08-29 22:00:00,39152.46
2017-08-29 23:00:00,38622.63
2017-08-30 00:00:00,37373.89
2017-08-30 01:00:00,35937.81
2017-08-30 02:00:00,34516.82
2017-08-30 03:00:00,33320.520000000004
2017-08-30 04:00:00,32100.22
2017-08-30 05:00:00,32079.49
2017-08-30 06:00:00,30884.06
2017-08-30 07:00:00,30938.65
2017-08-30 08:00:00,30069.53
2017-08-30 09:00:00,30782.050000000003
2017-08-30 10:00:00,31436.37
2017-08-30 11:00:00,34204.4
2017-08-30 12:00:00,37544.28
2017-08-30 13:00:00,38388.94
2017-08-30 14:00:00,39132.75
2017-08-30 15:00:00,41382.899999999994
2017-08-30 16:00:00,39864.630000000005
2017-08-30 17:00:00,39928.7
2017-08-30 18:00:00,39180.409999999996
2017-08-30 19:00:00,40230.06
2017-08-30 20:00:00,38760.69
2017-08-30 21:00:00,38037.67
2017-08-30 22:00:00,37249.42999999999
2017-08-30 23:00:00,36707.340000000004
2017-08-31 00:00:00,36051.590000000004
2017-08-31 01:00:00,35192.84
2017-08-31 02:00:00,34460.740000000005
2017-08-31 03:00:00,33146.1
2017-08-31 04:00:00,33678.990000000005
2017-08-31 05:00:00,32308.809999999998
2017-08-31 06:00:00,31894.32
2017-08-31 07:00:00,32764.43
2017-08-31 08:00:00,32274.71
2017-08-31 09:00:00,33642.72
2017-08-31 10:00:00,33567.96000000001
2017-08-31 11:00:00,35415.45
2017-08-31 12:00:00,37701.68000000001
2017-08-31 13:00:00,40298.78
2017-08-31 14:00:00,41371.229999999996
2017-08-31 15:00:00,41401.8
2017-08-31 16:00:00,42492.0
2017-08-31 17:00:00,41338.100000000006
2017-08-31 18:00:00,41339.600000000006
2017-08-31 19:00:00,41783.3
2017-08-31 20:00:00,40807.35
2017-08-31 21:00:00,41347.26
2017-08-31 22:00:00,40825.600000000006
2017-08-31 23:00:00,44950.399999999994
2017-09-01 00:00:00,49730.09999999999
2017-09-01 01:00:00,48253.600000000006
2017-09-01 02:00:00,45404.600000000006
2017-09-01 03:00:00,43462.799999999996
2017-09-01 04:00:00,42508.4
2017-09-01 05:00:00,40982.3
2017-09-01 06:00:00,41236.03
2017-09-01 07:00:00,40131.009999999995
2017-09-01 08:00:00,40955.4
2017-09-01 09:00:00,42222.899999999994
2017-09-01 10:00:00,45055.0
2017-09-01 11:00:00,46255.5
2017-09-01 12:00:00,47903.8
2017-09-01 13:00:00,50271.0
2017-09-01 14:00:00,52085.8
2017-09-01 15:00:00,52485.7
2017-09-01 16:00:00,54971.9
2017-09-01 17:00:00,54118.3
2017-09-01 18:00:00,54724.2
2017-09-01 19:00:00,52226.9
2017-09-01 20:00:00,49937.600000000006
2017-09-01 21:00:00,48166.2
2017-09-01 22:00:00,46705.100000000006
2017-09-01 23:00:00,45242.0
2017-09-02 00:00:00,43404.899999999994
2017-09-02 01:00:00,40205.02
2017-09-02 02:00:00,38688.1
2017-09-02 03:00:00,38076.18
2017-09-02 04:00:00,37090.54
2017-09-02 05:00:00,35922.06
2017-09-02 06:00:00,35988.57
2017-09-02 07:00:00,33877.130000000005
2017-09-02 08:00:00,33643.39
2017-09-02 09:00:00,34597.24
2017-09-02 10:00:00,36834.08
2017-09-02 11:00:00,37808.12
2017-09-02 12:00:00,39194.17
2017-09-02 13:00:00,40567.899999999994
2017-09-02 14:00:00,40206.52
2017-09-02 15:00:00,41946.1
2017-09-02 16:00:00,42335.3
2017-09-02 17:00:00,41598.53
2017-09-02 18:00:00,40650.05
2017-09-02 19:00:00,43120.2
2017-09-02 20:00:00,41872.9
2017-09-02 21:00:00,41028.2
2017-09-02 22:00:00,41125.8
2017-09-02 23:00:00,39282.009999999995
2017-09-03 00:00:00,37853.869999999995
2017-09-03 01:00:00,35721.630000000005
2017-09-03 02:00:00,34706.1
2017-09-03 03:00:00,33454.61
2017-09-03 04:00:00,32181.1
2017-09-03 05:00:00,31235.09
2017-09-03 06:00:00,29600.11
2017-09-03 07:00:00,28549.859999999997
2017-09-03 08:00:00,28308.93
2017-09-03 09:00:00,28652.409999999996
2017-09-03 10:00:00,28596.34
2017-09-03 11:00:00,29111.15
2017-09-03 12:00:00,30243.17
2017-09-03 13:00:00,30040.94
2017-09-03 14:00:00,30055.53
2017-09-03 15:00:00,29367.41
2017-09-03 16:00:00,30321.39
2017-09-03 17:00:00,31053.62
2017-09-03 18:00:00,30485.079999999998
2017-09-03 19:00:00,29606.21
2017-09-03 20:00:00,28530.030000000002
2017-09-03 21:00:00,27756.850000000002
2017-09-03 22:00:00,26848.16
2017-09-03 23:00:00,26499.920000000002
2017-09-04 00:00:00,24933.09
2017-09-04 01:00:00,24076.53
2017-09-04 02:00:00,23325.52
2017-09-04 03:00:00,22756.05
2017-09-04 04:00:00,22517.8
2017-09-04 05:00:00,21726.440000000002
2017-09-04 06:00:00,21132.039999999997
2017-09-04 07:00:00,20830.12
2017-09-04 08:00:00,21082.76
2017-09-04 09:00:00,20333.21
2017-09-04 10:00:00,20655.38
2017-09-04 11:00:00,22111.409999999996
2017-09-04 12:00:00,22627.24
2017-09-04 13:00:00,25836.620000000003
2017-09-04 14:00:00,26701.78
2017-09-04 15:00:00,26469.640000000003
2017-09-04 16:00:00,26984.440000000002
2017-09-04 17:00:00,26030.289999999997
2017-09-04 18:00:00,25449.96
2017-09-04 19:00:00,24900.82
2017-09-04 20:00:00,24511.18
2017-09-04 21:00:00,24121.81
2017-09-04 22:00:00,23031.21
2017-09-04 23:00:00,22664.77
2017-09-05 00:00:00,22106.34
2017-09-05 01:00:00,21780.84
2017-09-05 02:00:00,21639.03
2017-09-05 03:00:00,21346.49
2017-09-05 04:00:00,21159.01
2017-09-05 05:00:00,20480.09
2017-09-05 06:00:00,20558.829999999998
2017-09-05 07:00:00,20442.440000000002
2017-09-05 08:00:00,20692.14
2017-09-05 09:00:00,21390.34
2017-09-05 10:00:00,20843.39
2017-09-05 11:00:00,22695.14
2017-09-05 12:00:00,23725.89
2017-09-05 13:00:00,25760.670000000002
2017-09-05 14:00:00,26409.9
2017-09-05 15:00:00,26462.199999999997
2017-09-05 16:00:00,26983.17
2017-09-05 17:00:00,26426.97
2017-09-05 18:00:00,26260.190000000002
2017-09-05 19:00:00,25252.46
2017-09-05 20:00:00,25176.44
2017-09-05 21:00:00,25338.7
2017-09-05 22:00:00,24290.36
2017-09-05 23:00:00,24120.92
2017-09-06 00:00:00,24221.56
2017-09-06 01:00:00,22958.81
2017-09-06 02:00:00,22664.670000000002
2017-09-06 03:00:00,23154.91
2017-09-06 04:00:00,22558.58
2017-09-06 05:00:00,22384.45
2017-09-06 06:00:00,22412.500000000004
2017-09-06 07:00:00,22707.730000000003
2017-09-06 08:00:00,22400.58
2017-09-06 09:00:00,22925.510000000002
2017-09-06 10:00:00,22747.36
2017-09-06 11:00:00,23476.29
2017-09-06 12:00:00,24728.269999999997
2017-09-06 13:00:00,25890.630000000005
2017-09-06 14:00:00,27762.530000000002
2017-09-06 15:00:00,27436.579999999998
2017-09-06 16:00:00,28009.980000000003
2017-09-06 17:00:00,28037.8
2017-09-06 18:00:00,27139.1
2017-09-06 19:00:00,27396.12
2017-09-06 20:00:00,26839.7
2017-09-06 21:00:00,26267.39
2017-09-06 22:00:00,26146.57
2017-09-06 23:00:00,25936.73
2017-09-07 00:00:00,25459.89
2017-09-07 01:00:00,25174.48
2017-09-07 02:00:00,24565.51
2017-09-07 03:00:00,24140.51
2017-09-07 04:00:00,24160.829999999998
2017-09-07 05:00:00,23655.54
2017-09-07 06:00:00,23726.28
2017-09-07 07:00:00,24041.170000000002
2017-09-07 08:00:00,23737.950000000004
2017-09-07 09:00:00,23699.510000000002
2017-09-07 10:00:00,23241.96
2017-09-07 11:00:00,23851.36
2017-09-07 12:00:00,24977.129999999997
2017-09-07 13:00:00,24122.77
2017-09-07 14:00:00,24957.71
2017-09-07 15:00:00,23934.34
2017-09-07 16:00:00,24998.260000000002
2017-09-07 17:00:00,25282.460000000003
2017-09-07 18:00:00,24832.76
2017-09-07 19:00:00,24655.649999999998
2017-09-07 20:00:00,24071.969999999998
2017-09-07 21:00:00,23209.75
2017-09-07 22:00:00,22671.340000000004
2017-09-07 23:00:00,21700.829999999998
2017-09-08 00:00:00,21122.760000000002
2017-09-08 01:00:00,21096.31
2017-09-08 02:00:00,20319.120000000003
2017-09-08 03:00:00,19770.84
2017-09-08 04:00:00,19794.96
2017-09-08 05:00:00,19002.78
2017-09-08 06:00:00,18921.36
2017-09-08 07:00:00,18446.39
2017-09-08 08:00:00,18281.93
2017-09-08 09:00:00,18046.47
2017-09-08 10:00:00,17907.710000000003
2017-09-08 11:00:00,18295.520000000004
2017-09-08 12:00:00,19311.25
2017-09-08 13:00:00,19819.23
2017-09-08 14:00:00,20446.06
2017-09-08 15:00:00,22027.86
2017-09-08 16:00:00,22843.4
2017-09-08 17:00:00,22413.260000000002
2017-09-08 18:00:00,21961.13
2017-09-08 19:00:00,21043.81
2017-09-08 20:00:00,20346.780000000002
2017-09-08 21:00:00,20026.04
2017-09-08 22:00:00,19652.300000000003
2017-09-08 23:00:00,19141.36
2017-09-09 00:00:00,19325.12
2017-09-09 01:00:00,18793.22
2017-09-09 02:00:00,18586.9
2017-09-09 03:00:00,18146.09
2017-09-09 04:00:00,18191.07
2017-09-09 05:00:00,17869.29
2017-09-09 06:00:00,17836.36
2017-09-09 07:00:00,17735.27
2017-09-09 08:00:00,17750.07
2017-09-09 09:00:00,17725.1
2017-09-09 10:00:00,17835.03
2017-09-09 11:00:00,18738.87
2017-09-09 12:00:00,20324.93
2017-09-09 13:00:00,21442.539999999997
2017-09-09 14:00:00,23785.65
2017-09-09 15:00:00,24757.57
2017-09-09 16:00:00,25027.86
2017-09-09 17:00:00,24872.11
2017-09-09 18:00:00,23737.85
2017-09-09 19:00:00,22664.34
2017-09-09 20:00:00,21482.73
2017-09-09 21:00:00,20955.73
2017-09-09 22:00:00,20930.29
2017-09-09 23:00:00,20641.29
2017-09-10 00:00:00,20269.99
2017-09-10 01:00:00,20002.280000000002
2017-09-10 02:00:00,19784.989999999998
2017-09-10 03:00:00,19651.52
2017-09-10 04:00:00,19544.070000000003
2017-09-10 05:00:00,19843.100000000002
2017-09-10 06:00:00,21159.01
2017-09-10 07:00:00,21545.07
2017-09-10 08:00:00,21401.67
2017-09-10 09:00:00,21323.53
2017-09-10 10:00:00,21315.97
2017-09-10 11:00:00,22925.350000000002
2017-09-10 12:00:00,24325.47
2017-09-10 13:00:00,25398.1
2017-09-10 14:00:00,24939.82
2017-09-10 15:00:00,24752.780000000002
2017-09-10 16:00:00,25002.510000000002
2017-09-10 17:00:00,24626.32
2017-09-10 18:00:00,24613.69
2017-09-10 19:00:00,24436.530000000002
2017-09-10 20:00:00,23597.440000000002
2017-09-10 21:00:00,23425.760000000002
2017-09-10 22:00:00,22873.27
2017-09-10 23:00:00,23049.940000000002
2017-09-11 00:00:00,22884.85
2017-09-11 01:00:00,22134.61
2017-09-11 02:00:00,22077.800000000003
2017-09-11 03:00:00,22011.210000000003
2017-09-11 04:00:00,22025.390000000003
2017-09-11 05:00:00,21728.670000000002
2017-09-11 06:00:00,22183.84
2017-09-11 07:00:00,21976.7
2017-09-11 08:00:00,22172.809999999998
2017-09-11 09:00:00,22132.86
2017-09-11 10:00:00,22449.269999999997
2017-09-11 11:00:00,22491.72
2017-09-11 12:00:00,23476.78
2017-09-11 13:00:00,25501.06
2017-09-11 14:00:00,26657.05
2017-09-11 15:00:00,27216.850000000002
2017-09-11 16:00:00,27296.86
2017-09-11 17:00:00,26413.32
2017-09-11 18:00:00,25854.96
2017-09-11 19:00:00,25515.78
2017-09-11 20:00:00,25877.410000000003
2017-09-11 21:00:00,24973.16
2017-09-11 22:00:00,24969.679999999997
2017-09-11 23:00:00,25058.01
2017-09-12 00:00:00,24393.61
2017-09-12 01:00:00,24563.74
2017-09-12 02:00:00,24450.68
2017-09-12 03:00:00,23905.9
2017-09-12 04:00:00,23682.3
2017-09-12 05:00:00,23361.94
2017-09-12 06:00:00,23322.04
2017-09-12 07:00:00,23445.47
2017-09-12 08:00:00,23058.59
2017-09-12 09:00:00,22935.59
2017-09-12 10:00:00,22841.57
2017-09-12 11:00:00,22854.41
2017-09-12 12:00:00,24208.809999999998
2017-09-12 13:00:00,26199.84
2017-09-12 14:00:00,26708.37
2017-09-12 15:00:00,26316.2
2017-09-12 16:00:00,26674.9
2017-09-12 17:00:00,25835.260000000002
2017-09-12 18:00:00,25725.739999999998
2017-09-12 19:00:00,25028.72
2017-09-12 20:00:00,25386.28
2017-09-12 21:00:00,24594.97
2017-09-12 22:00:00,24768.62
2017-09-12 23:00:00,24461.5
2017-09-13 00:00:00,24404.91
2017-09-13 01:00:00,24209.410000000003
2017-09-13 02:00:00,23101.45
2017-09-13 03:00:00,23278.41
2017-09-13 04:00:00,21909.14
2017-09-13 05:00:00,21959.010000000002
2017-09-13 06:00:00,21259.75
2017-09-13 07:00:00,21249.449999999997
2017-09-13 08:00:00,20967.83
2017-09-13 09:00:00,21067.6
2017-09-13 10:00:00,20867.39
2017-09-13 11:00:00,20931.01
2017-09-13 12:00:00,21044.06
2017-09-13 13:00:00,21802.51
2017-09-13 14:00:00,21610.83
2017-09-13 15:00:00,21726.23
2017-09-13 16:00:00,22303.91
2017-09-13 17:00:00,23323.239999999998
2017-09-13 18:00:00,23128.84
2017-09-13 19:00:00,22801.91
2017-09-13 20:00:00,22401.49
2017-09-13 21:00:00,22529.69
2017-09-13 22:00:00,22477.840000000004
2017-09-13 23:00:00,22056.510000000002
2017-09-14 00:00:00,21511.46
2017-09-14 01:00:00,21323.53
2017-09-14 02:00:00,20505.36
2017-09-14 03:00:00,20567.690000000002
2017-09-14 04:00:00,20270.100000000002
2017-09-14 05:00:00,20284.280000000002
2017-09-14 06:00:00,20195.5
2017-09-14 07:00:00,20025.46
2017-09-14 08:00:00,19856.23
2017-09-14 09:00:00,19653.63
2017-09-14 10:00:00,20049.280000000002
2017-09-14 11:00:00,20111.300000000003
2017-09-14 12:00:00,20367.95
2017-09-14 13:00:00,20893.89
2017-09-14 14:00:00,21354.78
2017-09-14 15:00:00,22423.28
2017-09-14 16:00:00,22599.31
2017-09-14 17:00:00,22051.91
2017-09-14 18:00:00,21949.079999999998
2017-09-14 19:00:00,21803.710000000003
2017-09-14 20:00:00,21259.43
2017-09-14 21:00:00,20919.06
2017-09-14 22:00:00,21058.530000000002
2017-09-14 23:00:00,20755.510000000002
2017-09-15 00:00:00,20391.9
2017-09-15 01:00:00,20075.09
2017-09-15 02:00:00,19818.98
2017-09-15 03:00:00,18946.38
2017-09-15 04:00:00,19424.85
2017-09-15 05:00:00,19016.6
2017-09-15 06:00:00,19142.36
2017-09-15 07:00:00,19039.13
2017-09-15 08:00:00,18956.86
2017-09-15 09:00:00,18932.37
2017-09-15 10:00:00,19201.59
2017-09-15 11:00:00,19062.57
2017-09-15 12:00:00,19283.05
2017-09-15 13:00:00,20024.72
2017-09-15 14:00:00,20516.24
2017-09-15 15:00:00,21339.84
2017-09-15 16:00:00,21726.15
2017-09-15 17:00:00,21895.46
2017-09-15 18:00:00,21710.2
2017-09-15 19:00:00,21633.41
2017-09-15 20:00:00,21323.12
2017-09-15 21:00:00,21451.28
2017-09-15 22:00:00,20819.03
2017-09-15 23:00:00,20784.55
2017-09-16 00:00:00,20492.39
2017-09-16 01:00:00,19903.63
2017-09-16 02:00:00,19662.61
2017-09-16 03:00:00,19953.300000000003
2017-09-16 04:00:00,19472.4
2017-09-16 05:00:00,19424.27
2017-09-16 06:00:00,19306.88
2017-09-16 07:00:00,19651.9
2017-09-16 08:00:00,19415.920000000002
2017-09-16 09:00:00,19145.98
2017-09-16 10:00:00,19213.55
2017-09-16 11:00:00,19248.75
2017-09-16 12:00:00,19296.11
2017-09-16 13:00:00,19400.739999999998
2017-09-16 14:00:00,20164.480000000003
2017-09-16 15:00:00,20829.25
2017-09-16 16:00:00,21840.75
2017-09-16 17:00:00,21751.87
2017-09-16 18:00:00,21374.69
2017-09-16 19:00:00,21451.28
2017-09-16 20:00:00,20942.3
2017-09-16 21:00:00,20417.18
2017-09-16 22:00:00,20734.4
2017-09-16 23:00:00,20955.78
2017-09-17 00:00:00,20653.65
2017-09-17 01:00:00,20590.43
2017-09-17 02:00:00,20903.800000000003
2017-09-17 03:00:00,21312.660000000003
2017-09-17 04:00:00,21388.329999999998
2017-09-17 05:00:00,20715.59
2017-09-17 06:00:00,20655.02
2017-09-17 07:00:00,21108.61
2017-09-17 08:00:00,21315.43
2017-09-17 09:00:00,21678.09
2017-09-17 10:00:00,21569.85
2017-09-17 11:00:00,20903.8
2017-09-17 12:00:00,20110.54
2017-09-17 13:00:00,19903.83
2017-09-17 14:00:00,19698.98
2017-09-17 15:00:00,19485.270000000004
2017-09-17 16:00:00,19771.38
2017-09-17 17:00:00,19675.73
2017-09-17 18:00:00,19510.210000000003
2017-09-17 19:00:00,19496.520000000004
2017-09-17 20:00:00,19448.57
2017-09-17 21:00:00,19519.18
2017-09-17 22:00:00,18991.11
2017-09-17 23:00:00,18783.11
2017-09-18 00:00:00,18236.43
2017-09-18 01:00:00,17823.48
2017-09-18 02:00:00,17979.63
2017-09-18 03:00:00,18555.43
2017-09-18 04:00:00,18647.010000000002
2017-09-18 05:00:00,18770.49
2017-09-18 06:00:00,18519.29
2017-09-18 07:00:00,18102.34
2017-09-18 08:00:00,17495.019999999997
2017-09-18 09:00:00,17683.0
2017-09-18 10:00:00,17518.239999999998
2017-09-18 11:00:00,17813.27
2017-09-18 12:00:00,18292.129999999997
2017-09-18 13:00:00,19142.940000000002
2017-09-18 14:00:00,20159.370000000003
2017-09-18 15:00:00,20640.27
2017-09-18 16:00:00,20971.510000000002
2017-09-18 17:00:00,20678.41
2017-09-18 18:00:00,20516.45
2017-09-18 19:00:00,20025.600000000002
2017-09-18 20:00:00,19605.82
2017-09-18 21:00:00,19154.23
2017-09-18 22:00:00,18759.350000000002
2017-09-18 23:00:00,18079.12
2017-09-19 00:00:00,17792.84
2017-09-19 01:00:00,17573.07
2017-09-19 02:00:00,17003.66
2017-09-19 03:00:00,16531.489999999998
2017-09-19 04:00:00,16437.33
2017-09-19 05:00:00,15830.06
2017-09-19 06:00:00,15969.93
2017-09-19 07:00:00,15989.930000000002
2017-09-19 08:00:00,15650.27
2017-09-19 09:00:00,15650.18
2017-09-19 10:00:00,15690.36
2017-09-19 11:00:00,15950.18
2017-09-19 12:00:00,16204.57
2017-09-19 13:00:00,16998.71
2017-09-19 14:00:00,17924.16
2017-09-19 15:00:00,18875.11
2017-09-19 16:00:00,19591.24
2017-09-19 17:00:00,19495.54
2017-09-19 18:00:00,19390.65
2017-09-19 19:00:00,18897.3
2017-09-19 20:00:00,18495.72
2017-09-19 21:00:00,17957.510000000002
2017-09-19 22:00:00,17757.75
2017-09-19 23:00:00,17625.66
2017-09-20 00:00:00,17269.32
2017-09-20 01:00:00,16846.24
2017-09-20 02:00:00,16437.5
2017-09-20 03:00:00,16232.699999999999
2017-09-20 04:00:00,16222.58
2017-09-20 05:00:00,16049.869999999999
2017-09-20 06:00:00,15789.71
2017-09-20 07:00:00,16009.429999999998
2017-09-20 08:00:00,15848.880000000001
2017-09-20 09:00:00,15828.880000000001
2017-09-20 10:00:00,15928.98
2017-09-20 11:00:00,16161.58
2017-09-20 12:00:00,16397.32
2017-09-20 13:00:00,17226.65
2017-09-20 14:00:00,18228.96
2017-09-20 15:00:00,18980.350000000002
2017-09-20 16:00:00,19366.63
2017-09-20 17:00:00,19448.68
2017-09-20 18:00:00,19107.06
2017-09-20 19:00:00,18783.41
2017-09-20 20:00:00,18079.3
2017-09-20 21:00:00,18090.620000000003
2017-09-20 22:00:00,18101.33
2017-09-20 23:00:00,17713.690000000002
2017-09-21 00:00:00,17626.11
2017-09-21 01:00:00,17141.38
2017-09-21 02:00:00,16749.15
2017-09-21 03:00:00,16511.93
2017-09-21 04:00:00,16366.05
2017-09-21 05:00:00,16582.730000000003
2017-09-21 06:00:00,16355.41
2017-09-21 07:00:00,16253.039999999999
2017-09-21 08:00:00,16173.11
2017-09-21 09:00:00,16141.75
2017-09-21 10:00:00,16222.359999999999
2017-09-21 11:00:00,16346.510000000002
2017-09-21 12:00:00,16991.53
2017-09-21 13:00:00,17487.92
2017-09-21 14:00:00,17948.37
2017-09-21 15:00:00,18428.39
2017-09-21 16:00:00,18634.15
2017-09-21 17:00:00,18428.2
2017-09-21 18:00:00,18541.36
2017-09-21 19:00:00,18291.57
2017-09-21 20:00:00,18497.51
2017-09-21 21:00:00,18236.47
2017-09-21 22:00:00,18519.11
2017-09-21 23:00:00,19859.27
2017-09-22 00:00:00,20416.879999999997
2017-09-22 01:00:00,19794.960000000003
2017-09-22 02:00:00,19942.2
2017-09-22 03:00:00,19297.02
2017-09-22 04:00:00,18759.350000000002
2017-09-22 05:00:00,18874.489999999998
2017-09-22 06:00:00,18633.39
2017-09-22 07:00:00,18943.51
2017-09-22 08:00:00,19060.420000000002
2017-09-22 09:00:00,19282.38
2017-09-22 10:00:00,19542.99
2017-09-22 11:00:00,20185.79
2017-09-22 12:00:00,20768.329999999998
2017-09-22 13:00:00,21094.049999999996
2017-09-22 14:00:00,21120.4
2017-09-22 15:00:00,22416.63
2017-09-22 16:00:00,25382.469999999998
2017-09-22 17:00:00,26409.07
2017-09-22 18:00:00,26223.68
2017-09-22 19:00:00,26102.07
2017-09-22 20:00:00,25204.219999999998
2017-09-22 21:00:00,24538.61
2017-09-22 22:00:00,24980.01
2017-09-22 23:00:00,25121.08
2017-09-23 00:00:00,24534.79
2017-09-23 01:00:00,26618.91
2017-09-23 02:00:00,27851.010000000002
2017-09-23 03:00:00,29101.36
2017-09-23 04:00:00,29276.049999999996
2017-09-23 05:00:00,30001.260000000002
2017-09-23 06:00:00,29334.21
2017-09-23 07:00:00,30010.010000000002
2017-09-23 08:00:00,30344.85
2017-09-23 09:00:00,32282.750000000004
2017-09-23 10:00:00,40655.020000000004
2017-09-23 11:00:00,45139.8
2017-09-23 12:00:00,48748.7
2017-09-23 13:00:00,51028.6
2017-09-23 14:00:00,57099.399999999994
2017-09-23 15:00:00,58483.8
2017-09-23 16:00:00,57965.1
2017-09-23 17:00:00,59349.399999999994
2017-09-23 18:00:00,53866.5
2017-09-23 19:00:00,49230.899999999994
2017-09-23 20:00:00,43744.3
2017-09-23 21:00:00,48548.100000000006
2017-09-23 22:00:00,49962.700000000004
2017-09-23 23:00:00,46804.5
2017-09-24 00:00:00,44432.399999999994
2017-09-24 01:00:00,44546.200000000004
2017-09-24 02:00:00,44088.4
2017-09-24 03:00:00,42350.7
2017-09-24 04:00:00,40030.26
2017-09-24 05:00:00,39495.12
2017-09-24 06:00:00,38677.59
2017-09-24 07:00:00,39935.0
2017-09-24 08:00:00,39969.86
2017-09-24 09:00:00,39730.92
2017-09-24 10:00:00,40149.8
2017-09-24 11:00:00,40099.06
2017-09-24 12:00:00,39776.79
2017-09-24 13:00:00,40168.5
2017-09-24 14:00:00,40781.53
2017-09-24 15:00:00,40735.0
2017-09-24 16:00:00,40868.5
2017-09-24 17:00:00,41919.299999999996
2017-09-24 18:00:00,42787.2
2017-09-24 19:00:00,42219.2
2017-09-24 20:00:00,40407.06
2017-09-24 21:00:00,39824.81
2017-09-24 22:00:00,39905.82
2017-09-24 23:00:00,39429.18
2017-09-25 00:00:00,39485.560000000005
2017-09-25 01:00:00,39237.13
2017-09-25 02:00:00,39076.869999999995
2017-09-25 03:00:00,37415.01
2017-09-25 04:00:00,37951.89
2017-09-25 05:00:00,38095.64
2017-09-25 06:00:00,38165.64
2017-09-25 07:00:00,38221.78
2017-09-25 08:00:00,37869.06
2017-09-25 09:00:00,38874.049999999996
2017-09-25 10:00:00,38389.700000000004
2017-09-25 11:00:00,37845.98
2017-09-25 12:00:00,37621.06
2017-09-25 13:00:00,37952.03999999999
2017-09-25 14:00:00,37826.98
2017-09-25 15:00:00,38707.58
2017-09-25 16:00:00,40187.56
2017-09-25 17:00:00,41762.3
2017-09-25 18:00:00,41006.600000000006
2017-09-25 19:00:00,40695.6
2017-09-25 20:00:00,39819.74
2017-09-25 21:00:00,39003.990000000005
2017-09-25 22:00:00,37136.42
2017-09-25 23:00:00,35981.92
2017-09-26 00:00:00,34266.96
2017-09-26 01:00:00,34157.47
2017-09-26 02:00:00,32888.06
2017-09-26 03:00:00,32102.3
2017-09-26 04:00:00,31412.000000000004
2017-09-26 05:00:00,31186.54
2017-09-26 06:00:00,30381.42
2017-09-26 07:00:00,29834.7
2017-09-26 08:00:00,29259.25
2017-09-26 09:00:00,29166.989999999998
2017-09-26 10:00:00,29498.4
2017-09-26 11:00:00,28859.67
2017-09-26 12:00:00,29869.289999999997
2017-09-26 13:00:00,30110.89
2017-09-26 14:00:00,30450.479999999996
2017-09-26 15:00:00,32249.300000000003
2017-09-26 16:00:00,32859.850000000006
2017-09-26 17:00:00,34112.24
2017-09-26 18:00:00,33432.47
2017-09-26 19:00:00,31887.23
2017-09-26 20:00:00,31276.33
2017-09-26 21:00:00,30333.18
2017-09-26 22:00:00,29280.89
2017-09-26 23:00:00,28373.619999999995
2017-09-27 00:00:00,28351.380000000005
2017-09-27 01:00:00,27278.34
2017-09-27 02:00:00,27075.76
2017-09-27 03:00:00,26224.75
2017-09-27 04:00:00,25579.23
2017-09-27 05:00:00,25757.67
2017-09-27 06:00:00,25351.96
2017-09-27 07:00:00,24772.309999999998
2017-09-27 08:00:00,24563.579999999998
2017-09-27 09:00:00,24096.33
2017-09-27 10:00:00,23991.55
2017-09-27 11:00:00,24435.91
2017-09-27 12:00:00,24706.969999999998
2017-09-27 13:00:00,25056.96
2017-09-27 14:00:00,25251.29
2017-09-27 15:00:00,26011.809999999998
2017-09-27 16:00:00,26749.65
2017-09-27 17:00:00,26517.440000000002
2017-09-27 18:00:00,26163.11
2017-09-27 19:00:00,26108.11
2017-09-27 20:00:00,24927.86
2017-09-27 21:00:00,24809.99
2017-09-27 22:00:00,24568.77
2017-09-27 23:00:00,24018.980000000003
2017-09-28 00:00:00,23614.02
2017-09-28 01:00:00,23279.989999999998
2017-09-28 02:00:00,22815.0
2017-09-28 03:00:00,22654.370000000003
2017-09-28 04:00:00,22103.95
2017-09-28 05:00:00,21829.55
2017-09-28 06:00:00,21658.84
2017-09-28 07:00:00,21727.980000000003
2017-09-28 08:00:00,21646.85
2017-09-28 09:00:00,21440.32
2017-09-28 10:00:00,21452.41
2017-09-28 11:00:00,21555.98
2017-09-28 12:00:00,21528.8
2017-09-28 13:00:00,21831.0
2017-09-28 14:00:00,22054.4
2017-09-28 15:00:00,22800.18
2017-09-28 16:00:00,23361.94
2017-09-28 17:00:00,23005.129999999997
2017-09-28 18:00:00,22954.58
2017-09-28 19:00:00,22680.7
2017-09-28 20:00:00,22055.99
2017-09-28 21:00:00,22054.7
2017-09-28 22:00:00,22011.58
2017-09-28 23:00:00,21425.85
2017-09-29 00:00:00,21312.35
2017-09-29 01:00:00,20991.72
2017-09-29 02:00:00,20779.41
2017-09-29 03:00:00,20232.920000000002
2017-09-29 04:00:00,19879.71
2017-09-29 05:00:00,19687.9
2017-09-29 06:00:00,19591.52
2017-09-29 07:00:00,19651.97
2017-09-29 08:00:00,19318.690000000002
2017-09-29 09:00:00,19190.88
2017-09-29 10:00:00,19353.46
2017-09-29 11:00:00,19095.91
2017-09-29 12:00:00,19723.09
2017-09-29 13:00:00,19424.74
2017-09-29 14:00:00,19663.49
2017-09-29 15:00:00,19928.0
2017-09-29 16:00:00,20111.54
2017-09-29 17:00:00,20195.390000000003
2017-09-29 18:00:00,19867.47
2017-09-29 19:00:00,19903.38
2017-09-29 20:00:00,19880.88
2017-09-29 21:00:00,20001.04
2017-09-29 22:00:00,19544.16
2017-09-29 23:00:00,19795.75
2017-09-30 00:00:00,19543.100000000002
2017-09-30 01:00:00,19098.08
2017-09-30 02:00:00,18829.190000000002
2017-09-30 03:00:00,18701.28
2017-09-30 04:00:00,18235.87
2017-09-30 05:00:00,18145.72
2017-09-30 06:00:00,18359.75
2017-09-30 07:00:00,18046.239999999998
2017-09-30 08:00:00,17858.16
2017-09-30 09:00:00,17922.92
2017-09-30 10:00:00,18023.75
2017-09-30 11:00:00,18023.1
2017-09-30 12:00:00,17845.33
2017-09-30 13:00:00,18236.66
2017-09-30 14:00:00,18349.820000000003
2017-09-30 15:00:00,18887.579999999998
2017-09-30 16:00:00,19594.14
2017-09-30 17:00:00,19699.660000000003
2017-09-30 18:00:00,19519.18
2017-09-30 19:00:00,19424.460000000003
2017-09-30 20:00:00,19376.989999999998
2017-09-30 21:00:00,19211.769999999997
2017-09-30 22:00:00,19188.329999999998
2017-09-30 23:00:00,18943.510000000002
2017-10-01 00:00:00,18898.21
2017-10-01 01:00:00,18610.379999999997
2017-10-01 02:00:00,18314.1
2017-10-01 03:00:00,18224.42
2017-10-01 04:00:00,17923.15
2017-10-01 05:00:00,17747.129999999997
2017-10-01 06:00:00,17691.39
2017-10-01 07:00:00,17692.12
2017-10-01 08:00:00,17934.56
2017-10-01 09:00:00,17626.39
2017-10-01 10:00:00,17291.47
2017-10-01 11:00:00,17291.08
2017-10-01 12:00:00,17365.66
2017-10-01 13:00:00,17473.629999999997
2017-10-01 14:00:00,17713.96
2017-10-01 15:00:00,18519.1
2017-10-01 16:00:00,19037.08
2017-10-01 17:00:00,19211.77
2017-10-01 18:00:00,18979.199999999997
2017-10-01 19:00:00,19048.89
2017-10-01 20:00:00,18701.280000000002
2017-10-01 21:00:00,18609.71
2017-10-01 22:00:00,18473.0
2017-10-01 23:00:00,18419.059999999998
2017-10-02 00:00:00,18036.199999999997
2017-10-02 01:00:00,18047.72
2017-10-02 02:00:00,17682.45
2017-10-02 03:00:00,17757.21
2017-10-02 04:00:00,17604.45
2017-10-02 05:00:00,17604.36
2017-10-02 06:00:00,17516.68
2017-10-02 07:00:00,17582.6
2017-10-02 08:00:00,17473.44
2017-10-02 09:00:00,17538.809999999998
2017-10-02 10:00:00,17582.97
2017-10-02 11:00:00,17452.059999999998
2017-10-02 12:00:00,17813.219999999998
2017-10-02 13:00:00,17856.969999999998
2017-10-02 14:00:00,17878.769999999997
2017-10-02 15:00:00,18114.170000000002
2017-10-02 16:00:00,18168.77
2017-10-02 17:00:00,18540.800000000003
2017-10-02 18:00:00,18517.98
2017-10-02 19:00:00,18472.54
2017-10-02 20:00:00,18213.75
2017-10-02 21:00:00,18382.100000000002
2017-10-02 22:00:00,18001.3
2017-10-02 23:00:00,17836.77
2017-10-03 00:00:00,17516.87
2017-10-03 01:00:00,17421.25
2017-10-03 02:00:00,17183.199999999997
2017-10-03 03:00:00,17024.54
2017-10-03 04:00:00,16770.14
2017-10-03 05:00:00,16677.52
2017-10-03 06:00:00,16499.44
2017-10-03 07:00:00,16623.95
2017-10-03 08:00:00,16294.8
2017-10-03 09:00:00,16603.480000000003
2017-10-03 10:00:00,16437.33
2017-10-03 11:00:00,16243.23
2017-10-03 12:00:00,16427.469999999998
2017-10-03 13:00:00,16130.9
2017-10-03 14:00:00,16761.03
2017-10-03 15:00:00,17300.76
2017-10-03 16:00:00,17911.600000000002
2017-10-03 17:00:00,18124.39
2017-10-03 18:00:00,18100.920000000002
2017-10-03 19:00:00,17945.78
2017-10-03 20:00:00,17495.57
2017-10-03 21:00:00,17626.03
2017-10-03 22:00:00,17604.09
2017-10-03 23:00:00,17025.55
2017-10-04 00:00:00,17225.85
2017-10-04 01:00:00,16707.670000000002
2017-10-04 02:00:00,16770.059999999998
2017-10-04 03:00:00,16406.82
2017-10-04 04:00:00,16294.25
2017-10-04 05:00:00,16153.11
2017-10-04 06:00:00,16335.54
2017-10-04 07:00:00,16386.4
2017-10-04 08:00:00,16407.66
2017-10-04 09:00:00,16283.83
2017-10-04 10:00:00,16416.77
2017-10-04 11:00:00,16457.890000000003
2017-10-04 12:00:00,16582.39
2017-10-04 13:00:00,16623.690000000002
2017-10-04 14:00:00,17183.02
2017-10-04 15:00:00,17649.24
2017-10-04 16:00:00,18382.940000000002
2017-10-04 17:00:00,18473.93
2017-10-04 18:00:00,18450.09
2017-10-04 19:00:00,18291.46
2017-10-04 20:00:00,18215.14
2017-10-04 21:00:00,18190.7
2017-10-04 22:00:00,17978.949999999997
2017-10-04 23:00:00,17812.86
2017-10-05 00:00:00,17660.1
2017-10-05 01:00:00,17538.809999999998
2017-10-05 02:00:00,17355.58
2017-10-05 03:00:00,17183.2
2017-10-05 04:00:00,17044.55
2017-10-05 05:00:00,16833.75
2017-10-05 06:00:00,17182.97
2017-10-05 07:00:00,17182.79
2017-10-05 08:00:00,17225.67
2017-10-05 09:00:00,17013.11
2017-10-05 10:00:00,17225.98
2017-10-05 11:00:00,17087.120000000003
2017-10-05 12:00:00,17195.67
2017-10-05 13:00:00,17344.079999999998
2017-10-05 14:00:00,17683.14
2017-10-05 15:00:00,18701.760000000002
2017-10-05 16:00:00,19119.26
2017-10-05 17:00:00,19329.739999999998
2017-10-05 18:00:00,19060.42
2017-10-05 19:00:00,19106.39
2017-10-05 20:00:00,18759.260000000002
2017-10-05 21:00:00,18701.280000000002
2017-10-05 22:00:00,18770.78
2017-10-05 23:00:00,18610.38
